-- MySQL dump 10.13  Distrib 8.0.16, for Win64 (x86_64)
--
-- Host: 127.0.0.1    Database: guialook
-- ------------------------------------------------------
-- Server version	5.7.26-log

/*!40101 SET @OLD_CHARACTER_SET_CLIENT=@@CHARACTER_SET_CLIENT */;
/*!40101 SET @OLD_CHARACTER_SET_RESULTS=@@CHARACTER_SET_RESULTS */;
/*!40101 SET @OLD_COLLATION_CONNECTION=@@COLLATION_CONNECTION */;
 SET NAMES utf8 ;
/*!40103 SET @OLD_TIME_ZONE=@@TIME_ZONE */;
/*!40103 SET TIME_ZONE='+00:00' */;
/*!40014 SET @OLD_UNIQUE_CHECKS=@@UNIQUE_CHECKS, UNIQUE_CHECKS=0 */;
/*!40014 SET @OLD_FOREIGN_KEY_CHECKS=@@FOREIGN_KEY_CHECKS, FOREIGN_KEY_CHECKS=0 */;
/*!40101 SET @OLD_SQL_MODE=@@SQL_MODE, SQL_MODE='NO_AUTO_VALUE_ON_ZERO' */;
/*!40111 SET @OLD_SQL_NOTES=@@SQL_NOTES, SQL_NOTES=0 */;

--
-- Table structure for table `establecimiento`
--

DROP TABLE IF EXISTS `establecimiento`;
/*!40101 SET @saved_cs_client     = @@character_set_client */;
 SET character_set_client = utf8mb4 ;
CREATE TABLE `establecimiento` (
  `id` int(11) NOT NULL AUTO_INCREMENT,
  `Nombre_establecimiento` varchar(100) NOT NULL,
  `Direccion` varchar(200) NOT NULL,
  `Precio` int(11) NOT NULL,
  `Telefono` varchar(40) NOT NULL,
  `mapa` varchar(400) NOT NULL,
  `Promociones` int(11) NOT NULL,
  `imagenPrincipal` varchar(100) NOT NULL,
  `prod` tinyint(4) NOT NULL DEFAULT '0',
  PRIMARY KEY (`id`)
) ENGINE=InnoDB AUTO_INCREMENT=121 DEFAULT CHARSET=latin1;
/*!40101 SET character_set_client = @saved_cs_client */;

--
-- Dumping data for table `establecimiento`
--

LOCK TABLES `establecimiento` WRITE;
/*!40000 ALTER TABLE `establecimiento` DISABLE KEYS */;
INSERT INTO `establecimiento` VALUES (1,'Clínica Just Smile','Punta Pacifica,misma ubicación Hospital punta pacifica',25,'5072648088','https://www.google.com/maps/embed?pb=!1m10!1m8!1m3!1d15763.690944418599!2d-79.52099919999999!3d8.979257299999999!3m2!1i1024!2i768!4f13.1!5e0!3m2!1ses!2spa!4v1555431502358!5m2!1ses!2spa',0,'justsmile.jpg',1),(2,' RED GURU','Panamá,Stripmall diagonal a Multipliza (misma plaza de Starbucks) ',20,'309-9589','https://www.google.com/maps/embed?pb=!1m23!1m12!1m3!1d63053.963039913295!2d-79.54853379227062!3d8.983860828684156!2m3!1f0!2f0!3f0!3m2!1i1024!2i768!4f13.1!4m8!3e0!4m0!4m5!1s0x8faca91d3a73cc47%3A0x384925f2baae1332!2zR3VydSBTYWxvbiB8IFNhbMOzbiBCZWxsZXphIFBhbmFtw6EsIFbDrWEgSXNyYWVsLCBQYW5hbcOh!3m2!1d8.9837777!2d-79.5135142!5e0!3m2!1ses!2spa!4v1555431389754!5m2!1ses!2spa',0,'53696634_561524627675856_3258428998408994816_o.jpg',1),(3,'Salvador Uomo','Panamá,Albrook Mall',20,'398-8744','https://www.google.com/maps/embed?pb=!1m18!1m12!1m3!1d3940.968968558538!2d-79.55621548517125!3d8.9750024923034!2m3!1f0!2f0!3f0!3m2!1i1024!2i768!4f13.1!3m3!1m2!1s0x8faca9eaf4409863%3A0xf7a26c1eb3127a52!2sSalvador+Uomo+Albrook+Mall!5e0!3m2!1ses!2spa!4v1555431647831!5m2!1ses!2spa',0,'salvador_5.jpg',1),(4,'Pink Buddha','Via Argentina,Plaza El Cangrejo Calle Manuel Espinoza Batista y Via Argentina? ',20,'50700000','https://www.google.com/maps/embed?pb=!1m18!1m12!1m3!1d3940.831298468126!2d-79.53414518517117!3d8.987666492109536!2m3!1f0!2f0!3f0!3m2!1i1024!2i768!4f13.1!3m3!1m2!1s0x8faca9f884e556a5%3A0xbac7888cc07d267f!2sPink+Buddha!5e0!3m2!1ses!2spa!4v1555431714630!5m2!1ses!2spa',1,'Budha_1.png',1),(5,'Animal X','Bella Vista,Calle 48 Bella Vista',25,'507000000','https://www.google.com/maps/embed?pb=!1m18!1m12!1m3!1d3940.945002110959!2d-79.52799728517125!3d8.97720839226971!2m3!1f0!2f0!3f0!3m2!1i1024!2i768!4f13.1!3m3!1m2!1s0x8faca8e6304f0fa1%3A0xdae66bf56967d515!2sAnimalX+%E2%84%A2+LifeStyle!5e0!3m2!1ses!2spa!4v1555431771702!5m2!1ses!2spa',1,'animal_1.jpg',1),(7,' Idental clinic','Panamá,Calle 34 oeste El cangrejo PH Setton Place',25,'5070000000','https://www.google.com/maps/embed?pb=!1m18!1m12!1m3!1d3940.8262767871115!2d-79.52966418517121!3d8.98812809210248!2m3!1f0!2f0!3f0!3m2!1i1024!2i768!4f13.1!3m3!1m2!1s0x8faca8f08fa9fc7b%3A0x3778efec0adc5018!2siDental+Clinic!5e0!3m2!1ses!2spa!4v1555431863370!5m2!1ses!2spa',1,'Idental_4.jpg',1),(8,'Cesar Barber Shop','San Francisco,Calle 71 y Porras San Francisco',10,'50700000000','https://www.google.com/maps/embed?pb=!1m18!1m12!1m3!1d3940.7366050248106!2d-79.51154178517119!3d8.9963668919762!2m3!1f0!2f0!3f0!3m2!1i1024!2i768!4f13.1!3m3!1m2!1s0x8faca9a9f426726b%3A0x80e9a40cbddd3d0a!2sCesar+Barber+Shop!5e0!3m2!1ses!2spa!4v1555431906647!5m2!1ses!2spa',1,'cesar_1.jpg',1),(9,'Spa Manos','Sector Obarrio Calle 50, frente a Panafoto Panamá, Panamá',10,'5072035836','https://www.google.com/maps/embed?pb=!1m18!1m12!1m3!1d3940.9135127592212!2d-79.52626728517124!3d8.980105892225303!2m3!1f0!2f0!3f0!3m2!1i1024!2i768!4f13.1!3m3!1m2!1s0x8faca8e5d1e484ff%3A0xaf14781a06375c54!2sSpaManos+Calle+50!5e0!3m2!1ses!2spa!4v1555431997578!5m2!1ses!2spa',1,'spa_manos_5.jpg',1),(10,'Velvet Nails','Via Argentina,Calle 60 Barrio frente a Stone Port Cafe ',20,'50700000','https://www.google.com/maps/embed?pb=!1m10!1m8!1m3!1d15763.690944418599!2d-79.52099919999999!3d8.979257299999999!3m2!1i1024!2i768!4f13.1!5e0!3m2!1ses!2spa!4v1555431502358!5m2!1ses!2spa',1,'velvet_4.jpg',1),(11,'Salon Bal Harbour','Panamá, Av. Italia Plaza Mal Harbour Paitilla',10,'5072640668','https://www.google.com/maps/embed?pb=!1m18!1m12!1m3!1d3940.94759245366!2d-79.51670168255612!3d8.976970000000005!2m3!1f0!2f0!3f0!3m2!1i1024!2i768!4f13.1!3m3!1m2!1s0x8faca91e3063c5db%3A0x8ca831232b7e48d4!2sPlaza+Bal+Harbour!5e0!3m2!1ses!2spa!4v1555432118029!5m2!1ses!2spa',1,'Bal_3.jpg',1),(12,'Lupes Gold','San Francisco, Calle 70 en San Francisco a 50 metros de calle 50.',20,'50762015925','https://www.google.com/maps/embed?pb=!1m18!1m12!1m3!1d3940.799941411464!2d-79.51078178517115!3d8.990548492065386!2m3!1f0!2f0!3f0!3m2!1i1024!2i768!4f13.1!3m3!1m2!1s0x8faca906bcc15b11%3A0x711bea89e848cff3!2sLupes+Gold+-+San+Francisco!5e0!3m2!1ses!2spa!4v1555432151353!5m2!1ses!2spa',1,'Lupes_1.jpg',1),(13,'Coco Spa','San Francisco,Calle 78 San Francisco Ph Coco Mar Local 3',20,'507-6294-7936','https://www.google.com/maps/embed?pb=!1m18!1m12!1m3!1d3940.7842275811627!2d-79.5018050851712!3d8.991992392043263!2m3!1f0!2f0!3f0!3m2!1i1024!2i768!4f13.1!3m3!1m2!1s0x8faca9a7bbca11df%3A0xa3afa4ac3bce7967!2sCoco+spa!5e0!3m2!1ses!2spa!4v1555432193366!5m2!1ses!2spa\" width=\"600',1,'Coco_3.jpg',1),(14,'Human Care estethic center','Panamá,Via porras calle 63 este casa nro 43',20,'507-000-000','https://www.google.com/maps/embed?pb=!1m10!1m8!1m3!1d15763.690944418599!2d-79.52099919999999!3d8.979257299999999!3m2!1i1024!2i768!4f13.1!5e0!3m2!1ses!2spa!4v1555431502358!5m2!1ses!2spa',1,'human_1.png',1),(17,'Physis Clinica de Salud Integral ','Panamá,Centro Médico Nacional',8,'50761211187','https://www.google.com/maps/embed?pb=!1m18!1m12!1m3!1d3941.0004520916605!2d-79.53579945041749!3d8.972103893528736!2m3!1f0!2f0!3f0!3m2!1i1024!2i768!4f13.1!3m3!1m2!1s0x8faca97e0116e4a9%3A0x61c9ac3d5d89090!2sCentro+M%C3%A9dico+Nacional!5e0!3m2!1ses!2spa!4v1557594022242!5m2!1ses!2spa',1,'physis1.jpeg',1),(18,'Physis Clínica Salud Integral ','Panamá,Centro Médico Nacional. Piso 3, local 303',8,'50761211187','https://www.google.com/maps/embed?pb=!1m18!1m12!1m3!1d3941.0004520916605!2d-79.53579945041749!3d8.972103893528736!2m3!1f0!2f0!3f0!3m2!1i1024!2i768!4f13.1!3m3!1m2!1s0x8faca97e0116e4a9%3A0x61c9ac3d5d89090!2sCentro+M%C3%A9dico+Nacional!5e0!3m2!1ses!2spa!4v1557594022242!5m2!1ses!2spa',1,'physis1.jpeg',1),(37,'Corpo Bello Aesthetic & Spa','Via Argentina,Consultorios Medicos America, Consultorio 24. Panamá City, Panamá.',8,'507399-1606 / 6874-0084','https://www.google.com/maps/embed?pb=\" width=\"600\" height=\"450\" frameborder=\"0\" style=\"border:0',1,'corpobellologo.jpeg',1),(38,'Quality Dentcare ','Betania,Calle 70 Oeste Camino Real Bethania',20,'5076683-4416','https://www.google.com/maps/embed?pb=!1m18!1m12!1m3!1d3940.6134104398297!2d-79.52531904975505!3d9.007673491771332!2m3!1f0!2f0!3f0!3m2!1i1024!2i768!4f13.1!3m3!1m2!1s0x8faca84e375e7d3b%3A0xff7e1c79a8c079e9!2sQuality+Dentcare!5e0!3m2!1ses-419!2spa!4v1564847945255!5m2!1ses-419!2spa',1,'logo quality dentcare color-01 2.png',1),(39,'Quality Dental Care ','Betania,Calle 70 oeste Camino Real Bethania ',20,'5076683-4416','https://www.google.com/maps/embed?pb=!1m18!1m12!1m3!1d3940.6134104398297!2d-79.52531904975505!3d9.007673491771332!2m3!1f0!2f0!3f0!3m2!1i1024!2i768!4f13.1!3m3!1m2!1s0x8faca84e375e7d3b%3A0xff7e1c79a8c079e9!2sQuality+Dentcare!5e0!3m2!1ses-419!2spa!4v1564847945255!5m2!1ses-419!2spa',1,'logo quality dentcare color-01 2.png',0),(40,'Lotus Lash ','Panamá,Av Principal Condado Del Rey Plaza Micondado 1er Piso Local 26',10,'5076033-5490','https://www.google.com/maps/embed?pb=!1m18!1m12!1m3!1d3940.24937982351!2d-79.53030554975491!3d9.041001691258652!2m3!1f0!2f0!3f0!3m2!1i1024!2i768!4f13.1!3m3!1m2!1s0x8fab575b0244276d%3A0x85f0647fa4488a8!2sLotus+lash+studio+panama!5e0!3m2!1ses-419!2spa!4v1564850107214!5m2!1ses-419!2spa',1,'7f623fea-3add-483a-92c6-dfac09bfe464.jpeg',1),(41,'Wapuras pty','Ubicación del local,on line',8,'507214-0262','https://www.google.com/maps/embed?pb=!1m18!1m12!1m3!1d3940.957278868216!2d-79.52267118617748!3d8.976078492289423!2m3!1f0!2f0!3f0!3m2!1i1024!2i768!4f13.1!3m3!1m2!1s0x8faca8e0ce0ab649%3A0xb557069499142588!2sBalboa+Boutiques+-+Strip+Mall+-+Shopping+Mall!5e0!3m2!1sen!2spa!4v1564850207187!5m2!1sen!2spa',1,'LOGOWAPURAS.png',1),(42,'Cercim Centro de Rehabilitacion y cirujia maxilar.','Bella Vista,Centro Medico Nacional Piso 4 consultorio 406 Calle Justo Arosemena y calle 38, Bella Vista.',20,'507227-2314','https://www.google.com/maps/embed?pb=!1m18!1m12!1m3!1d3940.9948656140373!2d-79.53572954975516!3d8.972618292308695!2m3!1f0!2f0!3f0!3m2!1i1024!2i768!4f13.1!3m3!1m2!1s0x8faca8c195a4055f%3A0xb93405285702d0d3!2sCERCIM!5e0!3m2!1ses-419!2spa!4v1564933180343!5m2!1ses-419!2spa',1,'33d1f761-0add-4aa5-81f4-add0cf12f20e.JPG',1),(43,'OCEAN GYM ','Punta Pacifica,Oceania Business Center Piso 14 ',25,'(507) 235-4500','https://www.google.com/maps/embed?pb=!1m18!1m12!1m3!1d3940.908532226305!2d-79.51260414975512!3d8.980564092187084!2m3!1f0!2f0!3f0!3m2!1i1024!2i768!4f13.1!3m3!1m2!1s0x8faca91c726d9a47%3A0xf257c571ccf456ac!2sOcean+Gym+Panam%C3%A1!5e0!3m2!1ses-419!2spa!4v1564937917062!5m2!1ses-419!2spa',1,'IMG_0393.jpg',1),(45,'Glow Nails & More ','Panamá,Plaza Las America LA Chorrera local 3 1er. Piso.',10,'5076318-0029','https://www.google.com/maps/embed?pb=!1m18!1m12!1m3!1d3941.9649733554543!2d-79.77896184974776!3d8.882848593675654!2m3!1f0!2f0!3f0!3m2!1i1024!2i768!4f13.1!3m3!1m2!1s0x8fac982e2a28e0bd%3A0x113563bf62da4b84!2sKing+West+Sport+Bar+%26+Grill!5e0!3m2!1ses-419!2spa!4v1564967349564!5m2!1ses-419!2spa',1,'1e93cff3-ed42-47c5-8467-4cb228198999.JPG',1),(47,'Beautiful Smile ','Panamá,Av Ramon Arias, Via Brasil Plaza Caldelas. Local nro. 4 ',20,'5076671-9131','https://www.google.com/maps/embed?pb=!1m18!1m12!1m3!1d3940.78104076095!2d-79.52446604973967!3d8.99228519200748!2m3!1f0!2f0!3f0!3m2!1i1024!2i768!4f13.1!3m3!1m2!1s0x8faca9dc3cfa2e17%3A0xdee07823ea87655!2sBeautiful+Smile+Dental+Clinic!5e0!3m2!1ses-419!2spa!4v1565538553275!5m2!1ses-419!2spa',1,'cdc6f5fc-6a5a-41b8-94bc-9d4576b66930.JPG',1),(64,'Barberias VIP','Via Argentina,test abdiel',10,'50762569274','link',1,'cedeec05-1fe5-41db-96af-d2c3b1aa85e4.jfif',0),(66,'caio','Ancón,casa',20,'507000000','https://www.google.com/maps/embed?pb=!1m18!1m12!1m3!1d3940.9085322259552!2d-79.51259878557835!3d8.980564092219259!2m3!1f0!2f0!3f0!3m2!1i1024!2i768!4f13.1!3m3!1m2!1s0x8faca91c726d9a47%3A0xf257c571ccf456ac!2sOcean+Gym+Panam%C3%A1!5e0!3m2!1ses-419!2spa!4v1565720753280!5m2!1ses-419!2spa',1,'arte-teatro-v3.png',0),(67,'ocean','Punta Pacifica,punta',25,'50700000000','https://www.google.com/maps/embed?pb=!1m18!1m12!1m3!1d3940.576657486377!2d-79.47567174971127!3d9.011043893501613!2m3!1f0!2f0!3f0!3m2!1i1024!2i768!4f13.1!3m3!1m2!1s0x8faca98bd3c62833%3A0xdb5512dd4c1f502d!2sBLADEX+Panama!5e0!3m2!1ses-419!2spa!4v1565835293904!5m2!1ses-419!2spa',1,'IMG_0393.jpg',0),(68,'Test abdiel 2.0','Betania,Test ',20,'50762569274','Link',1,'Screenshot_20190815-102550.jpg',0),(71,'D´uñas','Panamá,Via Porras ',10,'507209-1465','<iframe src=\"https://www.google.com/maps/embed?pb=!1m18!1m12!1m3!1d3940.729326532346!2d-79.50771604974736!3d8.99703529193461!2m3!1f0!2f0!3f0!3m2!1i1024!2i768!4f13.1!3m3!1m2!1s0x8faca9a842dd3fbf%3A0x164fd487a40c49ad!2sAthanasiou+%7C+San+Francisco!5e0!3m2!1ses-419!2spa!4v1566152488345!5m2!1ses-419!2spa\" width=\"600\" height=\"450\" frameborder=\"0\" style=\"border:0\" allowfullscreen></iframe>',1,'IMG_5092.JPG',1),(72,'Trilogy By Aris Tagaropulos','Panamá,Via Porras Ph Park Loft',10,'507396-2577','https://www.google.com/maps/embed?pb=!1m18!1m12!1m3!1d3940.735976726029!2d-79.5058376855783!3d8.996424591976295!2m3!1f0!2f0!3f0!3m2!1i1024!2i768!4f13.1!3m3!1m2!1s0x8faca9a7e7695421%3A0xec4778b77a9d2ee9!2sPH%20Park%20Loft%2C%20V%C3%ADa%20Porras%2075%2C%20Panama%20City!5e0!3m2!1ses-419!2spa!4v1566675121713!5m2!1ses-419!2spa',1,'IMG_5221.jpg',1),(73,'Clinica Dental TLDC ','Panamá,Av La Paz, El ingenio, entrando por Durallantas. ',20,'507236-6746','https://www.google.com/maps/embed?pb=!1m18!1m12!1m3!1d1970.2391521903178!2d-79.52471648554817!3d9.020057147192949!2m3!1f0!2f0!3f0!3m2!1i1024!2i768!4f13.1!3m3!1m2!1s0x8faca836513b8df3%3A0x9f743b3e8d33a69b!2sDurallantas%20S.A.!5e0!3m2!1ses-419!2spa!4v1566676262537!5m2!1ses-419!2spa',1,'IMG_5229.jpg',1),(74,'Ramy Spa','Punta Pacifica,Punta Pacifica dentro de Power club ',25,'5076103-6809 ','https://www.google.com/maps/embed?pb=!1m18!1m12!1m3!1d3940.9309285129666!2d-79.51265768557838!3d8.978503492250871!2m3!1f0!2f0!3f0!3m2!1i1024!2i768!4f13.1!3m3!1m2!1s0x8faca91ea588ff47%3A0x490abe09b16de9bb!2sPower%20Club%20Punta%20Pac%C3%ADfica!5e0!3m2!1ses-419!2spa!4v1567020873859!5m2!1ses-419!2spahttps://www.google.com/maps/embed?pb=!1m18!1m12!1m3!1d3940.9309285129666!2d-79.51265768557838!3d8.9785',1,'IMG_5347.jpg',1),(75,'Dlash Bar ','Parque Lefevre,Plaza Lefevre 75 diagonal a Melo Rio Abajo. ',10,'50762192298','https://www.google.com/maps/embed?pb=!1m18!1m12!1m3!1d3940.522142020464!2d-79.49820768557815!3d9.016040891675173!2m3!1f0!2f0!3f0!3m2!1i1024!2i768!4f13.1!3m3!1m2!1s0x8faca9bf79f0903f%3A0xa3307a13f4e0783c!2sDlash%20Bar%20Parque%20Lefevre%2C%20Plaza%20Lefevre%2075!5e0!3m2!1ses-419!2spa!4v1567101149366!5m2!1ses-419!2spa',1,'90ea495c-1d05-43ce-9586-8b8358c27f4b.JPG',1),(76,'Magno Barber Shop','San Francisco,Calle 71 San Francisco ',20,'5076340-2974','https://www.google.com/maps/embed?pb=!1m18!1m12!1m3!1d3940.76708632491!2d-79.5108552855783!3d8.993567192020116!2m3!1f0!2f0!3f0!3m2!1i1024!2i768!4f13.1!3m3!1m2!1s0x8faca9073ea8d413%3A0x2808b7b282c0474f!2sMagno%20Barber%20Shop!5e0!3m2!1ses-419!2spa!4v1567307820160!5m2!1ses-419!2spa',1,'IMG_5406.jpg',1),(77,'D´uñas Costa Del Este ','Costa del Este,Plaza 770 Costa Del Este ',20,'507387-8544','https://www.google.com/maps/embed?pb=!1m18!1m12!1m3!1d3940.520702632559!2d-79.4749141855782!3d9.016172791673105!2m3!1f0!2f0!3f0!3m2!1i1024!2i768!4f13.1!3m3!1m2!1s0x8faca9f52cf7c637%3A0x314f721e01af442b!2sD-U%C3%B1as%20Costa%20del%20Este!5e0!3m2!1ses-419!2spa!4v1567308295416!5m2!1ses-419!2spa',1,'IMG_5224.jpg',1),(78,'Medical Style ','Panamá,Calle Manuel Espinoza Batista Clinica Metropolis Planta Baja, Pasillo C.',25,'507214-7027','https://www.google.com/maps/embed?pb=!1m18!1m12!1m3!1d3940.8929020198048!2d-79.53084738557833!3d8.982001892197303!2m3!1f0!2f0!3f0!3m2!1i1024!2i768!4f13.1!3m3!1m2!1s0x8faca8ef088c34c1%3A0xc11610710d9f4ef7!2sColegio%20M%C3%A9dico%20de%20Panam%C3%A1!5e0!3m2!1ses-419!2spa!4v1567308844115!5m2!1ses-419!2spa',1,'IMG_5343.jpg',1),(80,' Marco Aldany','Costa del Este,Costa del este Town center ',20,'507000000','https://www.google.com/maps/embed?pb=!1m18!1m12!1m3!1d15762.33286145388!2d-79.48223903022462!3d9.010442600000005!2m3!1f0!2f0!3f0!3m2!1i1024!2i768!4f13.1!3m3!1m2!1s0x8faca98bd63ee13d%3A0x4d8ada39660be3ff!2sMarco%20Aldany%20Bladex%20costa%20del%20este!5e0!3m2!1ses!2spa!4v1568751394966!5m2!1ses!2spa',1,'aldany.jpg',1),(81,'Imsoid Club','Panamá,Via España Ph Valencia',10,'5076425-1514','https://www.google.com/maps/embed?pb=!1m18!1m12!1m3!1d3940.709857957711!2d-79.5197621855783!3d8.998822891939476!2m3!1f0!2f0!3f0!3m2!1i1024!2i768!4f13.1!3m3!1m2!1s0x8faca854fabb0969%3A0xa07a127bb8d5e452!2sPH%20Plaza%20Valencia%2C%20V%C3%ADa%20Espa%C3%B1a%2C%20Panama%20City!5e0!3m2!1ses-419!2spa!4v1569375662138!5m2!1ses-419!2spa',1,'IMG_5799.jpg',1),(82,'Emporio Salon ','San Francisco,Calle 50 San Francisco Plaza Los portales. Local 3',8,'5076205-7502 ','https://www.google.com/maps/embed?pb=!1m18!1m12!1m3!1d3940.8044377682995!2d-79.51348908557836!3d8.99013529207269!2m3!1f0!2f0!3f0!3m2!1i1024!2i768!4f13.1!3m3!1m2!1s0x8faca8e46bd70a3d%3A0xb2f62ec61a0d220!2sPlaza%20Los%20Portales!5e0!3m2!1ses-419!2spa!4v1569376798528!5m2!1ses-419!2spa',1,'IMG_5797.jpg',1),(83,'Clinica Dental Tovar','Panamá,Royal Center Seccio C Local 346',20,'507223-1632','https://www.google.com/maps/embed?pb=!1m18!1m12!1m3!1d3940.9327390353787!2d-79.52097578557837!3d8.978336892253395!2m3!1f0!2f0!3f0!3m2!1i1024!2i768!4f13.1!3m3!1m2!1s0x8faca8e164bbd4e9%3A0xa6f699c860a378fa!2sRoyal%20Center%2C%20Panama%20City!5e0!3m2!1ses-419!2spa!4v1569548147130!5m2!1ses-419!2spa',1,'IMG_5883.jpg',1),(84,'Nexo Fitness Center ','San Francisco,Calle 78 San Francisco',25,'5076674-9823','https://www.google.com/maps/embed?pb=!1m18!1m12!1m3!1d3940.7722253134407!2d-79.50214878557829!3d8.993095092027355!2m3!1f0!2f0!3f0!3m2!1i1024!2i768!4f13.1!3m3!1m2!1s0x8faca9099866b86d%3A0xb79ea05abe5b0ed9!2sNEXO%20Fitness%20Center!5e0!3m2!1ses-419!2spa!4v1569604732193!5m2!1ses-419!2spa',1,'IMG_5895.jpg',1),(85,'The Lab Crossfit Bella Vista','Bella Vista,Calle 45 Bella Vista, frene a Riba Smith',25,'507389-5476','https://www.google.com/maps/embed?pb=!1m18!1m12!1m3!1d3940.9510651669675!2d-79.53245698557845!3d8.976650392279195!2m3!1f0!2f0!3f0!3m2!1i1024!2i768!4f13.1!3m3!1m2!1s0x8faca9af7e1ee343%3A0x764fbfe89f166a58!2sThe%20Lab%20Panama-CrossFit%20Bella%20Vista!5e0!3m2!1ses-419!2spa!4v1569606165632!5m2!1ses-419!2spa',1,'IMG_5898.jpg',0),(86,'Depi Face & Body','San Francisco,Calle 64 San Francisco ',20,'50761079670','https://www.google.com/maps/embed?pb=!1m18!1m12!1m3!1d3940.765844262755!2d-79.51646938557835!3d8.993681292018302!2m3!1f0!2f0!3f0!3m2!1i1024!2i768!4f13.1!3m3!1m2!1s0x8faca9003951e731%3A0x443939ccdd0f15c2!2sDepi%20Face%20%26%20Body!5e0!3m2!1ses-419!2spa!4v1569607023602!5m2!1ses-419!2spa',1,'IMG_5904.jpg',1),(87,'Depi Express','Panamá,Albrook Mall Entrada pasillo del Delfin al lado de juguetería Felix. ',20,'507387-7061','https://www.google.com/maps/embed?pb=!1m18!1m12!1m3!1d3940.993453736416!2d-79.5550886855784!3d8.972748292338926!2m3!1f0!2f0!3f0!3m2!1i1024!2i768!4f13.1!3m3!1m2!1s0x8faca8a205b80603%3A0x377c9432f0fa8608!2sDepi%20Express!5e0!3m2!1ses-419!2spa!4v1569611225509!5m2!1ses-419!2spa',1,'IMG_5908.jpg',0),(88,'Depi Express','Panamá,Albrook Mall, entrada del delfin al lado de jugueteria Felix. ',10,'507387-7061','https://www.google.com/maps/embed?pb=!1m18!1m12!1m3!1d3940.993453736416!2d-79.5550886855784!3d8.972748292338926!2m3!1f0!2f0!3f0!3m2!1i1024!2i768!4f13.1!3m3!1m2!1s0x8faca8a205b80603%3A0x377c9432f0fa8608!2sDepi%20Express!5e0!3m2!1ses-419!2spa!4v1569611225509!5m2!1ses-419!2spa',1,'IMG_5909.jpg',1),(89,'The Lab Crossfit Bella Vista','Bella Vista,Calle 45 Bella Vista, frente a Riba Smith.',20,'507389-5476','https://www.google.com/maps/embed?pb=!1m18!1m12!1m3!1d3940.9510651669675!2d-79.53245698557845!3d8.976650392279195!2m3!1f0!2f0!3f0!3m2!1i1024!2i768!4f13.1!3m3!1m2!1s0x8faca9af7e1ee343%3A0x764fbfe89f166a58!2sThe%20Lab%20Panama-CrossFit%20Bella%20Vista!5e0!3m2!1ses-419!2spa!4v1569632807999!5m2!1ses-419!2spa',1,'IMG_5901.jpg',0),(90,'Te Lab Crossfit Bella Vista ','Bella Vista,Calle 45 Bella Vista Panama, enfrente a Riba Smith.',20,'507389-5476','https://www.google.com/maps/embed?pb=!1m18!1m12!1m3!1d3940.9510651669675!2d-79.53245698557845!3d8.976650392279195!2m3!1f0!2f0!3f0!3m2!1i1024!2i768!4f13.1!3m3!1m2!1s0x8faca9af7e1ee343%3A0x764fbfe89f166a58!2sThe%20Lab%20Panama-CrossFit%20Bella%20Vista!5e0!3m2!1ses-419!2spa!4v1569632807999!5m2!1ses-419!2spa',1,'IMG_5900.jpg',0),(91,'Barberia 68 ','San Francisco,Calle 68 San Francisco al lado de Restaurante Fratelli. ',10,'507398-3991','https://www.google.com/maps/embed?pb=!1m18!1m12!1m3!1d3940.7573094253216!2d-79.51308578557833!3d8.99446529200634!2m3!1f0!2f0!3f0!3m2!1i1024!2i768!4f13.1!3m3!1m2!1s0x8faca900be908b0b%3A0x85a9c4c17ab34bfe!2sBarberia%2068!5e0!3m2!1ses-419!2spa!4v1570465095250!5m2!1ses-419!2spa',1,'IMG_6066.jpg',1),(92,'Move PTY Gym ','San Francisco,Calle 66 San Francisco Plaza Belen Shops',25,'507386-5216','https://www.google.com/maps/embed?pb=!1m18!1m12!1m3!1d3940.7609161373334!2d-79.51042498557833!3d8.994133992011387!2m3!1f0!2f0!3f0!3m2!1i1024!2i768!4f13.1!3m3!1m2!1s0x8faca9076a38ba41%3A0xb8b2d006ee616ec4!2sMovePty%20Elite%20Training!5e0!3m2!1ses-419!2spa!4v1570465921008!5m2!1ses-419!2spa',1,'IMG_6062.jpg',0),(93,'Move Pty Gym ','San Francisco,Calle 66, San Francisco. Plaza Belen Shops ',20,'507386-5216','https://www.google.com/maps/embed?pb=!1m18!1m12!1m3!1d3940.7609161373334!2d-79.51042498557833!3d8.994133992011387!2m3!1f0!2f0!3f0!3m2!1i1024!2i768!4f13.1!3m3!1m2!1s0x8faca9076a38ba41%3A0xb8b2d006ee616ec4!2sMovePty%20Elite%20Training!5e0!3m2!1ses-419!2spa!4v1570465921008!5m2!1ses-419!2spa',1,'IMG_6062.jpg',1),(94,'Barbas Fuzion','Panamá,Soho Mall, Calle 50. ',20,'5076996-0352','https://www.google.com/maps/embed?pb=!1m18!1m12!1m3!1d3940.882460207517!2d-79.52221808557836!3d8.98296229218257!2m3!1f0!2f0!3f0!3m2!1i1024!2i768!4f13.1!3m3!1m2!1s0x8faca98bb7b82ea7%3A0xad71b9bd2b0dc2fb!2sSoho%20Mall%20Torre%20Sur!5e0!3m2!1ses-419!2spa!4v1570468221875!5m2!1ses-419!2spa',1,'IMG_6068.jpg',1),(95,'SPA Express ','Panamá,SERVICIO DE SPA A DOMICILIO.',25,'5076759-1996','https://www.google.com/maps/embed?pb=!1m18!1m12!1m3!1d252147.37520081174!2d-79.59322543988412!3d9.081727556771789!2m3!1f0!2f0!3f0!3m2!1i1024!2i768!4f13.1!3m3!1m2!1s0x8faca8f1dbe80363%3A0xaba25df1f042c10e!2zUGFuYW3DoQ!5e0!3m2!1ses-419!2spa!4v1570470669644!5m2!1ses-419!2spa',1,'IMG_6073.jpg',1),(96,'Novo Salon & Spa','San Francisco,Calle 74 entrando por Años Locos. ',20,'507399-8147','https://www.google.com/maps/embed?pb=!1m18!1m12!1m3!1d3940.793036514823!2d-79.50727078557829!3d8.991182992056663!2m3!1f0!2f0!3f0!3m2!1i1024!2i768!4f13.1!3m3!1m2!1s0x8faca9063db9958b%3A0xdfd4b7dfaa28caa4!2sNovo%20Salon%20%26%20Spa!5e0!3m2!1ses-419!2spa!4v1570549004582!5m2!1ses-419!2spahttps://www.google.com/maps/embed?pb=!1m18!1m12!1m3!1d3940.793036514823!2d-79.50727078557829!3d8.991182992056663!2m',1,'IMG_6115.jpg',1),(97,'Luxury Spa','Panamá,Diagonal al parque El Carmen Ph Vista Park, Planta Baja. ',25,'507394-6373','https://www.google.com/maps/embed?pb=!1m18!1m12!1m3!1d1970.381660629833!2d-79.524406047128!3d8.99391305912981!2m3!1f0!2f0!3f0!3m2!1i1024!2i768!4f13.1!3m3!1m2!1s0x8faca8f8ec3419af%3A0x7e17f5f2673abd1e!2sPH%20Vista%20Park!5e0!3m2!1ses-419!2spa!4v1570552346366!5m2!1ses-419!2spa',1,'IMG_6121.jpg',0),(98,'Luxury spa','Panamá,Diagonal al parque el Carmen, Ph Vista Park',20,'507394-6373','https://www.google.com/maps/embed?pb=!1m18!1m12!1m3!1d1970.381660629833!2d-79.524406047128!3d8.99391305912981!2m3!1f0!2f0!3f0!3m2!1i1024!2i768!4f13.1!3m3!1m2!1s0x8faca8f8ec3419af%3A0x7e17f5f2673abd1e!2sPH%20Vista%20Park!5e0!3m2!1ses-419!2spa!4v1570552346366!5m2!1ses-419!2spa',1,'IMG_6121.jpg',1),(99,'Dentomed','Panamá,Dentomed Nuevo Arraijan',25,'507208-6988','https://www.google.com/maps/embed?pb=!1m18!1m12!1m3!1d3941.515467946876!2d-79.73593468557863!3d8.924555293074224!2m3!1f0!2f0!3f0!3m2!1i1024!2i768!4f13.1!3m3!1m2!1s0x8faca27a1a93dd1b%3A0xe782065690da5293!2sDentomed!5e0!3m2!1ses-419!2spa!4v1570578339257!5m2!1ses-419!2spa',1,'IMG_6136.jpg',1),(100,'Depilarte','Costa del Este,San Francisco entre calle 72 y 73 casa 265',20,'5076850-9022','https://www.google.com/maps/embed?pb=!1m18!1m12!1m3!1d3940.805879562466!2d-79.50913758557832!3d8.990002792074725!2m3!1f0!2f0!3f0!3m2!1i1024!2i768!4f13.1!3m3!1m2!1s0x8faca905d509d47f%3A0x120d8c430a2e816a!2sDepilarte%20San%20Francisco!5e0!3m2!1ses-419!2spa!4v1570579518472!5m2!1ses-419!2spa',1,'IMG_6137.jpg',1),(101,'Uñas Perfectas Pty','Panamá,Albrook Mall, pasillo del Hipopotamo',10,'507203-6966','https://www.google.com/maps/embed?pb=!1m18!1m12!1m3!1d3940.9474219453314!2d-79.55440138557846!3d8.976985692274036!2m3!1f0!2f0!3f0!3m2!1i1024!2i768!4f13.1!3m3!1m2!1s0x8faca93232d6b36f%3A0x8cac9bdfcff3801c!2sU%C3%B1as%20Perfectas%20%7C%20Albrook%20Mall!5e0!3m2!1ses-419!2spa!4v1570636571163!5m2!1ses-419!2spa',1,'IMG_6144.jpg',1),(102,'Studio Cejas','Panamá,Calle 58 Este , Obarrio.',10,'507387-6201','https://www.google.com/maps/embed?pb=!1m18!1m12!1m3!1d3940.8282687366723!2d-79.52156658557836!3d8.987944992106236!2m3!1f0!2f0!3f0!3m2!1i1024!2i768!4f13.1!3m3!1m2!1s0x8faca8fc5ce56933%3A0xb2edc13734b28946!2sStudio%20Cejas%20Obarrio!5e0!3m2!1ses-419!2spa!4v1570637168958!5m2!1ses-419!2spa',1,'IMG_6145.jpg',1),(103,'Essentia Spa & Gym ','Panamá,Calle 56 y 57 Obarrio, Sortis Hotel Nivel PS',25,'507398-8830','https://www.google.com/maps/embed?pb=!1m18!1m12!1m3!1d3940.829895121141!2d-79.52245168557837!3d8.987795492108559!2m3!1f0!2f0!3f0!3m2!1i1024!2i768!4f13.1!3m3!1m2!1s0x8faca8fc7da1ed5b%3A0xf2483aa968c91a01!2sSortis%20Hotel%2C%20Spa%20%26%20Casino!5e0!3m2!1ses-419!2spa!4v1570666978883!5m2!1ses-419!2spa',1,'IMG_6155.jpg',1),(104,'Essentia Gym & Spa ','Panamá,Calle 56 y 57 Obarrio, Hotel Sortis. ',25,'507398-8830','https://www.google.com/maps/embed?pb=!1m18!1m12!1m3!1d3940.829895121141!2d-79.52245168557837!3d8.987795492108559!2m3!1f0!2f0!3f0!3m2!1i1024!2i768!4f13.1!3m3!1m2!1s0x8faca8fc7da1ed5b%3A0xf2483aa968c91a01!2sSortis%20Hotel%2C%20Spa%20%26%20Casino!5e0!3m2!1ses-419!2spa!4v1570666978883!5m2!1ses-419!2spa',1,'IMG_6156.jpg',0),(105,'Renew Spa','Costa del Este,Costa Del Este, Plaza Procenter ',25,'(507) 830-0120','https://www.google.com/maps/embed?pb=!1m18!1m12!1m3!1d3940.5421352391954!2d-79.48228398557819!3d9.014208591703323!2m3!1f0!2f0!3f0!3m2!1i1024!2i768!4f13.1!3m3!1m2!1s0x8faca98d128520e5%3A0xe36165eb28c81e5b!2sRenew%20Spa!5e0!3m2!1ses-419!2spa!4v1570812487847!5m2!1ses-419!2spa',1,'IMG_6177.jpg',1),(106,'Renew Salon & Spa ','Panamá,Campo Lindbergh Casa F31, frente a la garita de la policia, antes de la salida corredor Sur. ',20,'5076443-4120','https://www.google.com/maps/embed?pb=!1m18!1m12!1m3!1d3940.4080000420627!2d-79.47210638557819!3d9.026494491514464!2m3!1f0!2f0!3f0!3m2!1i1024!2i768!4f13.1!3m3!1m2!1s0x8facaa1d56bd5d1f%3A0xbed26ef68b2b0362!2sReNew%20Salon%20%26%20Spa!5e0!3m2!1ses-419!2spa!4v1570813133979!5m2!1ses-419!2spa',1,'IMG_6178.jpg',1),(107,'Maryah Spa ','San Francisco,Calle 66 Este, San Francisco. ',25,'5076982-1730','https://www.google.com/maps/embed?pb=!1m18!1m12!1m3!1d3940.804334393568!2d-79.5140113855783!3d8.990144792072588!2m3!1f0!2f0!3f0!3m2!1i1024!2i768!4f13.1!3m3!1m2!1s0x8faca9c94efd45a9%3A0xb2947926c373c002!2smaryahspa!5e0!3m2!1ses-419!2spa!4v1570893927515!5m2!1ses-419!2spa',1,'IMG_6197.jpg',0),(108,'Dental Group','Panamá,Plaza San Fernando, Via España.',25,'50769825785','https://www.google.com/maps/embed?pb=!1m18!1m12!1m3!1d3940.6732072970754!2d-79.51912378557829!3d9.002187191887908!2m3!1f0!2f0!3f0!3m2!1i1024!2i768!4f13.1!3m3!1m2!1s0x8faca8536af577a3%3A0x5cb2b6cd9937117c!2sDental%20Group%20Panam%C3%A1!5e0!3m2!1ses-419!2spa!4v1570981068260!5m2!1ses-419!2spa',1,'IMG_6198.jpg',1),(109,'APTUS 27','Panamá,Torre BOC- Interplus, Av Balboa Office Center.',25,'5076000-5017','https://www.google.com/maps/embed?pb=!1m18!1m12!1m3!1d3941.0914408588524!2d-79.53781808557844!3d8.963721592476952!2m3!1f0!2f0!3f0!3m2!1i1024!2i768!4f13.1!3m3!1m2!1s0x8faca8c7dbcef24b%3A0xa9a3ea93b5941f52!2sBalboa%20Office%20Center!5e0!3m2!1ses-419!2spa!4v1570983974143!5m2!1ses-419!2spa',1,'IMG_6203.jpg',0),(110,'Compadre Barbershop ','San Felipe,San Felipe, en la entrada a Casco Antiguo antes de Salvaje.',20,'5076224-1496','https://www.google.com/maps/embed?pb=!1m18!1m12!1m3!1d3941.192822424051!2d-79.53897208557851!3d8.954372692619732!2m3!1f0!2f0!3f0!3m2!1i1024!2i768!4f13.1!3m3!1m2!1s0x8faca913d83976d9%3A0xe34311dd463053a2!2sCompadre%20Barbers%20%26%20Rooftop%20Club%20Panama!5e0!3m2!1ses-419!2spa!4v1570985581850!5m2!1ses-419!2spa',1,'IMG_6223.jpg',0),(111,'Test abdiel flores ','Costa del Este,507',8,'507625927','tes',1,'avatar-dhg.png',0),(112,'test abdiel 23','Multiplaza,507',20,'50762569274','test',1,'atom.png',0),(113,'test abdiel flores ','Multiplaza,507',10,'5076526565','tesr',1,'avatar-dhg.png',1),(114,'tesrt ','Multiplaza,507',10,'50762569274','test',1,'atom.png',1),(115,'testa   aBSKB','Multiplaza,507',10,'507656695','LIBNK',1,'1765837-0-background-86.png',1),(116,'TEST ABDIENMUIBCD','Brisas del Golf,507',20,'5076854','TEST',1,'36217412-0-favicom.png',0),(117,'fvsddsv','Costa del Este,507',10,'507255655','',1,'atom.png',0),(118,'bfdbdfb','Brisas del Golf,507',10,'50786546','dfbfd',1,'atom.png',0),(119,'sdvsdv','Chame,507',10,'507165465','sdvds',1,'atom.png',0),(120,'testing','Juan Díaz,507',20,'5071634656','link',1,'36217412-0-favicom.png',0);
/*!40000 ALTER TABLE `establecimiento` ENABLE KEYS */;
UNLOCK TABLES;

--
-- Table structure for table `establecimientohorario`
--

DROP TABLE IF EXISTS `establecimientohorario`;
/*!40101 SET @saved_cs_client     = @@character_set_client */;
 SET character_set_client = utf8mb4 ;
CREATE TABLE `establecimientohorario` (
  `id` int(11) NOT NULL AUTO_INCREMENT,
  `perfilEstablecimientoID` int(11) DEFAULT NULL,
  `dia` varchar(45) NOT NULL,
  `horaInicio` varchar(20) NOT NULL,
  `horaFinal` varchar(20) NOT NULL,
  `rowCreate` datetime DEFAULT NULL,
  PRIMARY KEY (`id`)
) ENGINE=InnoDB AUTO_INCREMENT=1044 DEFAULT CHARSET=latin1;
/*!40101 SET character_set_client = @saved_cs_client */;

--
-- Dumping data for table `establecimientohorario`
--

LOCK TABLES `establecimientohorario` WRITE;
/*!40000 ALTER TABLE `establecimientohorario` DISABLE KEYS */;
INSERT INTO `establecimientohorario` VALUES (1,1,'Lunes','09:00:00','18:00:00',NULL),(2,1,'Martes','09:00:00','18:00:00',NULL),(3,1,'Miercoles','09:00:00','18:00:00',NULL),(4,1,'Jueves','09:00:00','18:00:00',NULL),(5,1,'Viernes','09:00:00','18:00:00',NULL),(6,1,'Sabado','00:00:00','00:00:00',NULL),(7,1,'Domingo','00:00:00','00:00:00',NULL),(8,2,'Lunes','09:00:00','19:00:00',NULL),(9,2,'Martes','09:00:00','19:00:00',NULL),(10,2,'Miercoles','09:00:00','19:00:00',NULL),(11,2,'Jueves','09:00:00','19:00:00',NULL),(12,2,'Viernes','09:00:00','19:00:00',NULL),(13,2,'Sabado','09:00:00','19:00:00',NULL),(14,2,'Domingo','00:00:00','00:00:00',NULL),(15,3,'Lunes','10:00:00','19:00:00',NULL),(16,3,'Martes','10:00:00','19:00:00',NULL),(17,3,'Miercoles','10:00:00','19:00:00',NULL),(18,3,'Jueves','10:00:00','19:00:00',NULL),(19,3,'Viernes','10:00:00','19:00:00',NULL),(20,3,'Sabado','10:00:00','19:00:00',NULL),(21,3,'Domingo','00:00:00','00:00:00',NULL),(22,4,'Lunes','10:00:00','20:00:00',NULL),(23,4,'Martes','10:00:00','20:00:00',NULL),(24,4,'Miercoles','10:00:00','20:00:00',NULL),(25,4,'Jueves','10:00:00','20:00:00',NULL),(26,4,'Viernes','10:00:00','20:00:00',NULL),(27,4,'Sabado','10:00:00','20:00:00',NULL),(28,4,'Domingo','00:00:00','00:00:00',NULL),(36,8,'Lunes','09:00:00','20:00:00',NULL),(37,8,'Martes','09:00:00','20:00:00',NULL),(38,8,'Miercoles','09:00:00','20:00:00',NULL),(39,8,'Jueves','09:00:00','20:00:00',NULL),(40,8,'Viernes','09:00:00','20:00:00',NULL),(41,8,'Sabado','00:00:00','00:00:00',NULL),(42,8,'Domingo','00:00:00','00:00:00',NULL),(43,12,'Lunes','10:00:00','19:00:00',NULL),(44,12,'Martes','10:00:00','19:00:00',NULL),(45,12,'Miercoles','10:00:00','19:00:00',NULL),(46,12,'Jueves','10:00:00','19:00:00',NULL),(47,12,'Viernes','10:00:00','19:00:00',NULL),(48,12,'Sabado','00:00:00','00:00:00',NULL),(49,12,'Domingo','00:00:00','00:00:00',NULL),(50,13,'Lunes','10:00:00','18:00:00',NULL),(51,13,'Martes','10:00:00','18:00:00',NULL),(52,13,'Miercoles','10:00:00','18:00:00',NULL),(53,13,'Jueves','10:00:00','18:00:00',NULL),(54,13,'Viernes','10:00:00','18:00:00',NULL),(55,13,'Sabado','00:00:00','00:00:00',NULL),(56,13,'Domingo','00:00:00','00:00:00',NULL),(57,14,'Lunes','08:30:00','18:00:00',NULL),(58,14,'Martes','08:30:00','18:00:00',NULL),(59,14,'Miercoles','08:30:00','18:00:00',NULL),(60,14,'Jueves','08:30:00','18:00:00',NULL),(61,14,'Viernes','08:30:00','18:00:00',NULL),(62,14,'Sabado','00:00:00','00:00:00',NULL),(63,14,'Domingo','00:00:00','00:00:00',NULL),(64,9,'Lunes','10:00:00','19:00:00',NULL),(65,9,'Martes','10:00:00','19:00:00',NULL),(66,9,'Miercoles','10:00:00','19:00:00',NULL),(67,9,'Jueves','10:00:00','19:00:00',NULL),(68,9,'Viernes','10:00:00','19:00:00',NULL),(69,9,'Sabado','10:00:00','19:00:00',NULL),(70,9,'Domingo','00:00:00','00:00:00',NULL),(71,5,'Lunes','07:35:00','15:45:00',NULL),(72,5,'Martes','07:35:00','15:45:00',NULL),(73,5,'Miercoles','07:35:00','15:45:00',NULL),(74,5,'Jueves','04:35:00','15:45:00',NULL),(75,5,'Viernes','04:35:00','15:45:00',NULL),(76,5,'Sabado','00:00:00','00:00:00',NULL),(77,5,'Domingo','00:00:00','00:00:00',NULL),(78,7,'Lunes','09:00:00','20:00:00',NULL),(79,7,'Martes','09:00:00','20:00:00',NULL),(80,7,'Miercoles','09:00:00','20:00:00',NULL),(81,7,'Jueves','09:00:00','20:00:00',NULL),(82,7,'Viernes','09:00:00','20:00:00',NULL),(83,7,'Sabado','09:00:00','20:00:00',NULL),(84,7,'Domingo','00:00:00','00:00:00',NULL),(85,10,'Lunes','09:00:00','20:00:00',NULL),(86,10,'Martes','09:00:00','20:00:00',NULL),(87,10,'Miercoles','09:00:00','20:00:00',NULL),(88,10,'Jueves','09:00:00','20:00:00',NULL),(89,10,'Viernes','09:00:00','20:00:00',NULL),(90,10,'Sabado','09:00:00','20:00:00',NULL),(91,10,'Domingo','00:00:00','00:00:00',NULL),(92,11,'Lunes','09:00:00','20:00:00',NULL),(93,11,'Martes','09:00:00','20:00:00',NULL),(94,11,'Miercoles','09:00:00','20:00:00',NULL),(95,11,'Jueves','09:00:00','20:00:00',NULL),(96,11,'Viernes','09:00:00','20:00:00',NULL),(97,11,'Sabado','09:00:00','20:00:00',NULL),(98,11,'Domingo','00:00:00','00:00:00',NULL),(113,17,'Lunes','08:00:00','05:00:00',NULL),(114,17,'Martes','08:00:00','05:00:00',NULL),(115,17,'Miercoles','08:00:00','05:00:00',NULL),(116,17,'Jueves','08:00:00','05:00:00',NULL),(117,17,'Viernes','08:00:00','05:00:00',NULL),(118,17,'Sabado','08:00:00','05:00:00',NULL),(119,17,'Domingo','00:00:00','00:00:00',NULL),(120,18,'Lunes','07:00:00','20:00:00',NULL),(121,18,'Martes','00:00:00','00:00:00',NULL),(122,18,'Miercoles','00:00:00','00:00:00',NULL),(123,18,'Jueves','00:00:00','00:00:00',NULL),(124,18,'Viernes','00:00:00','00:00:00',NULL),(125,18,'Sabado','00:00:00','00:00:00',NULL),(126,18,'Domingo','00:00:00','00:00:00',NULL),(162,0,'Lunes','10:00:00','18:00:00',NULL),(163,0,'Martes','10:00:00','18:00:00',NULL),(164,0,'Miercoles','10:00:00','18:00:00',NULL),(165,0,'Jueves','10:00:00','18:00:00',NULL),(166,0,'Viernes','10:00:00','18:00:00',NULL),(167,0,'Sabado','00:00:00','00:00:00',NULL),(168,0,'Domingo','00:00:00','00:00:00',NULL),(225,37,'Lunes','00:00:00','00:00:00',NULL),(226,37,'Martes','00:00:00','00:00:00',NULL),(227,37,'Miercoles','09:00:00','14:00:00',NULL),(228,37,'Jueves','09:00:00','18:00:00',NULL),(229,37,'Viernes','09:00:00','18:00:00',NULL),(230,37,'Sabado','09:00:00','18:00:00',NULL),(231,37,'Domingo','09:00:00','18:00:00',NULL),(232,40,'Lunes','10:00:00','07:00:00',NULL),(233,40,'Martes','10:00:00','07:00:00',NULL),(234,40,'Miercoles','10:00:00','07:00:00',NULL),(235,40,'Jueves','10:00:00','07:00:00',NULL),(236,40,'Viernes','10:00:00','07:00:00',NULL),(237,40,'Sabado','10:00:00','07:00:00',NULL),(238,40,'Domingo','00:00:00','00:00:00',NULL),(239,41,'Lunes','09:00:00','19:00:00',NULL),(240,41,'Martes','09:00:00','19:00:00',NULL),(241,41,'Miercoles','09:00:00','19:00:00',NULL),(242,41,'Jueves','09:00:00','19:00:00',NULL),(243,41,'Viernes','09:00:00','19:00:00',NULL),(244,41,'Sabado','09:00:00','19:00:00',NULL),(245,41,'Domingo','00:00:00','00:00:00',NULL),(246,42,'Lunes','08:00:00','06:00:00',NULL),(247,42,'Martes','00:00:00','06:00:00',NULL),(248,42,'Miercoles','08:00:00','06:00:00',NULL),(249,42,'Jueves','08:00:00','08:00:00',NULL),(250,42,'Viernes','08:00:00','06:00:00',NULL),(251,42,'Sabado','09:00:00','03:00:00',NULL),(252,42,'Domingo','09:00:00','03:00:00',NULL),(253,43,'Lunes','06:00:00','10:00:00',NULL),(254,43,'Martes','06:00:00','10:00:00',NULL),(255,43,'Miercoles','06:00:00','10:00:00',NULL),(256,43,'Jueves','06:00:00','10:00:00',NULL),(257,43,'Viernes','06:00:00','10:00:00',NULL),(258,43,'Sabado','06:00:00','05:00:00',NULL),(259,43,'Domingo','06:00:00','05:00:00',NULL),(274,273,'Lunes','06:00:00','10:00:00',NULL),(275,273,'Martes','06:00:00','10:00:00',NULL),(276,273,'Miercoles','06:00:00','10:00:00',NULL),(277,273,'Jueves','06:00:00','10:00:00',NULL),(278,273,'Viernes','06:00:00','10:00:00',NULL),(279,273,'Sabado','06:00:00','10:00:00',NULL),(280,273,'Domingo','06:00:00','10:00:00',NULL),(302,44,'Lunes','17:13:00','12:14:00',NULL),(303,44,'Martes','17:13:00','12:14:00',NULL),(304,44,'Miercoles','17:13:00','12:14:00',NULL),(305,44,'Jueves','17:13:00','12:14:00',NULL),(306,44,'Viernes','17:13:00','12:14:00',NULL),(307,44,'Sabado','00:00:00','00:00:00',NULL),(308,44,'Domingo','00:00:00','00:00:00',NULL),(309,45,'Lunes','11:00:00','06:00:00',NULL),(310,45,'Martes','10:00:00','08:00:00',NULL),(311,45,'Miercoles','10:00:00','08:00:00',NULL),(312,45,'Jueves','10:00:00','08:00:00',NULL),(313,45,'Viernes','10:00:00','08:00:00',NULL),(314,45,'Sabado','10:00:00','08:00:00',NULL),(315,45,'Domingo','10:00:00','08:00:00',NULL),(316,46,'Lunes','09:00:00','03:00:00',NULL),(317,46,'Martes','08:00:00','08:00:00',NULL),(318,46,'Miercoles','07:00:00','08:00:00',NULL),(319,46,'Jueves','07:00:00','08:00:00',NULL),(320,46,'Viernes','07:00:00','08:00:00',NULL),(321,46,'Sabado','07:00:00','08:00:00',NULL),(322,46,'Domingo','07:00:00','08:00:00',NULL),(330,47,'Lunes','00:00:00','00:00:00',NULL),(331,47,'Martes','00:00:00','00:00:00',NULL),(332,47,'Miercoles','00:00:00','00:00:00',NULL),(333,47,'Jueves','00:00:00','00:00:00',NULL),(334,47,'Viernes','00:00:00','00:00:00',NULL),(335,47,'Sabado','00:00:00','00:00:00',NULL),(336,47,'Domingo','00:00:00','00:00:00',NULL),(477,64,'Lunes','07:00:00','20:00:00',NULL),(478,64,'Martes','07:00:00','20:00:00',NULL),(479,64,'Miercoles','07:00:00','20:00:00',NULL),(480,64,'Jueves','07:00:00','20:00:00',NULL),(481,64,'Viernes','07:00:00','20:00:00',NULL),(482,64,'Sabado','00:00:00','00:00:00',NULL),(483,64,'Domingo','00:00:00','00:00:00',NULL),(484,0,'Lunes','06:00:00','22:00:00',NULL),(485,0,'Martes','06:00:00','22:00:00',NULL),(486,0,'Miercoles','06:00:00','22:00:00',NULL),(487,0,'Jueves','06:00:00','22:00:00',NULL),(488,0,'Viernes','06:00:00','22:00:00',NULL),(489,0,'Sabado','06:00:00','22:00:00',NULL),(490,0,'Domingo','00:00:00','00:00:00',NULL),(498,66,'Lunes','06:00:00','21:00:00',NULL),(499,66,'Martes','06:00:00','21:00:00',NULL),(500,66,'Miercoles','06:00:00','21:00:00',NULL),(501,66,'Jueves','06:00:00','21:00:00',NULL),(502,66,'Viernes','06:00:00','21:00:00',NULL),(503,66,'Sabado','00:00:00','00:00:00',NULL),(504,66,'Domingo','00:00:00','00:00:00',NULL),(505,0,'Lunes','07:00:00','08:00:00',NULL),(506,0,'Martes','07:00:00','08:00:00',NULL),(507,0,'Miercoles','07:00:00','08:00:00',NULL),(508,0,'Jueves','07:00:00','08:00:00',NULL),(509,0,'Viernes','07:00:00','08:00:00',NULL),(510,0,'Sabado','07:00:00','08:00:00',NULL),(511,0,'Domingo','00:00:00','00:00:00',NULL),(512,0,'Lunes','06:00:00','10:00:00',NULL),(513,0,'Martes','06:00:00','10:00:00',NULL),(514,0,'Miercoles','06:00:00','10:00:00',NULL),(515,0,'Jueves','06:00:00','10:00:00',NULL),(516,0,'Viernes','06:00:00','10:00:00',NULL),(517,0,'Sabado','00:00:00','00:00:00',NULL),(518,0,'Domingo','00:00:00','00:00:00',NULL),(519,67,'Lunes','06:00:00','22:00:00',NULL),(520,67,'Martes','06:00:00','22:00:00',NULL),(521,67,'Miercoles','06:00:00','22:00:00',NULL),(522,67,'Jueves','06:00:00','22:00:00',NULL),(523,67,'Viernes','06:00:00','22:00:00',NULL),(524,67,'Sabado','00:00:00','00:00:00',NULL),(525,67,'Domingo','00:00:00','00:00:00',NULL),(540,71,'Lunes','10:30:00','08:00:00',NULL),(541,71,'Martes','10:30:00','08:00:00',NULL),(542,71,'Miercoles','10:30:00','08:00:00',NULL),(543,71,'Jueves','10:30:00','08:00:00',NULL),(544,71,'Viernes','10:30:00','08:00:00',NULL),(545,71,'Sabado','10:30:00','08:00:00',NULL),(546,71,'Domingo','10:30:00','08:00:00',NULL),(547,0,'Lunes','09:00:00','03:00:00',NULL),(548,0,'Martes','07:00:00','08:00:00',NULL),(549,0,'Miercoles','07:00:00','08:00:00',NULL),(550,0,'Jueves','07:00:00','08:00:00',NULL),(551,0,'Viernes','07:00:00','08:00:00',NULL),(552,0,'Sabado','07:00:00','08:00:00',NULL),(553,0,'Domingo','07:00:00','08:00:00',NULL),(554,0,'Lunes','09:00:00','03:00:00',NULL),(555,0,'Martes','07:00:00','08:00:00',NULL),(556,0,'Miercoles','07:00:00','08:00:00',NULL),(557,0,'Jueves','07:00:00','08:00:00',NULL),(558,0,'Viernes','07:00:00','08:00:00',NULL),(559,0,'Sabado','07:00:00','08:00:00',NULL),(560,0,'Domingo','07:00:00','08:00:00',NULL),(561,0,'Lunes','09:00:00','03:00:00',NULL),(562,0,'Martes','07:00:00','08:00:00',NULL),(563,0,'Miercoles','07:00:00','08:00:00',NULL),(564,0,'Jueves','07:00:00','08:00:00',NULL),(565,0,'Viernes','07:00:00','00:00:00',NULL),(566,0,'Sabado','07:00:00','08:00:00',NULL),(567,0,'Domingo','07:00:00','08:00:00',NULL),(568,72,'Lunes','09:00:00','19:00:00',NULL),(569,72,'Martes','09:00:00','19:00:00',NULL),(570,72,'Miercoles','09:00:00','19:00:00',NULL),(571,72,'Jueves','09:00:00','19:00:00',NULL),(572,72,'Viernes','09:00:00','19:00:00',NULL),(573,72,'Sabado','09:00:00','19:00:00',NULL),(574,72,'Domingo','00:00:00','00:00:00',NULL),(575,73,'Lunes','08:00:00','14:00:00',NULL),(576,73,'Martes','09:00:00','18:00:00',NULL),(577,73,'Miercoles','09:00:00','18:00:00',NULL),(578,73,'Jueves','09:00:00','18:00:00',NULL),(579,73,'Viernes','09:00:00','18:00:00',NULL),(580,73,'Sabado','09:00:00','18:00:00',NULL),(581,73,'Domingo','09:00:00','18:00:00',NULL),(582,74,'Lunes','09:00:00','05:30:00',NULL),(583,74,'Martes','09:00:00','19:30:00',NULL),(584,74,'Miercoles','09:00:00','19:30:00',NULL),(585,74,'Jueves','09:00:00','19:30:00',NULL),(586,74,'Viernes','09:00:00','19:30:00',NULL),(587,74,'Sabado','09:00:00','19:30:00',NULL),(588,74,'Domingo','09:00:00','19:30:00',NULL),(589,588,'Lunes','09:00:00','05:30:00',NULL),(590,588,'Martes','09:00:00','19:30:00',NULL),(591,588,'Miercoles','09:00:00','19:30:00',NULL),(592,588,'Jueves','09:00:00','19:30:00',NULL),(593,588,'Viernes','09:00:00','19:30:00',NULL),(594,588,'Sabado','09:00:00','19:30:00',NULL),(595,588,'Domingo','09:00:00','19:30:00',NULL),(596,75,'Lunes','11:00:00','21:00:00',NULL),(597,75,'Martes','11:00:00','21:00:00',NULL),(598,75,'Miercoles','11:00:00','21:00:00',NULL),(599,75,'Jueves','00:00:00','21:00:00',NULL),(600,75,'Viernes','11:00:00','16:00:00',NULL),(601,75,'Sabado','11:00:00','20:00:00',NULL),(602,75,'Domingo','11:00:00','20:00:00',NULL),(603,76,'Lunes','09:00:00','20:00:00',NULL),(604,76,'Martes','09:00:00','20:00:00',NULL),(605,76,'Miercoles','09:00:00','20:00:00',NULL),(606,76,'Jueves','09:00:00','20:00:00',NULL),(607,76,'Viernes','09:00:00','20:00:00',NULL),(608,76,'Sabado','09:00:00','20:00:00',NULL),(609,76,'Domingo','00:00:00','00:00:00',NULL),(610,77,'Lunes','09:00:00','19:00:00',NULL),(611,77,'Martes','09:00:00','19:00:00',NULL),(612,77,'Miercoles','09:00:00','19:00:00',NULL),(613,77,'Jueves','09:00:00','19:00:00',NULL),(614,77,'Viernes','09:00:00','19:00:00',NULL),(615,77,'Sabado','09:00:00','19:00:00',NULL),(616,77,'Domingo','00:00:00','00:00:00',NULL),(617,78,'Lunes','09:00:00','13:00:00',NULL),(618,78,'Martes','09:00:00','18:00:00',NULL),(619,78,'Miercoles','09:00:00','18:00:00',NULL),(620,78,'Jueves','09:00:00','18:00:00',NULL),(621,78,'Viernes','09:00:00','18:00:00',NULL),(622,78,'Sabado','09:00:00','18:00:00',NULL),(623,78,'Domingo','09:00:00','18:00:00',NULL),(624,0,'Lunes','06:00:00','22:00:00',NULL),(625,0,'Martes','06:00:00','22:00:00',NULL),(626,0,'Miercoles','06:00:00','22:00:00',NULL),(627,0,'Jueves','06:00:00','22:00:00',NULL),(628,0,'Viernes','06:00:00','22:00:00',NULL),(629,0,'Sabado','06:00:00','17:00:00',NULL),(630,0,'Domingo','06:00:00','17:00:00',NULL),(631,0,'Lunes','09:00:00','15:00:00',NULL),(632,0,'Martes','09:00:00','15:00:00',NULL),(633,0,'Miercoles','09:00:00','15:00:00',NULL),(634,0,'Jueves','09:00:00','15:00:00',NULL),(635,0,'Viernes','09:00:00','15:00:00',NULL),(636,0,'Sabado','09:00:00','15:00:00',NULL),(637,0,'Domingo','00:00:00','00:00:00',NULL),(638,80,'Lunes','09:00:00','15:00:00',NULL),(639,80,'Martes','09:00:00','15:00:00',NULL),(640,80,'Miercoles','09:00:00','15:00:00',NULL),(641,80,'Jueves','09:00:00','15:00:00',NULL),(642,80,'Viernes','09:00:00','15:00:00',NULL),(643,80,'Sabado','09:00:00','15:00:00',NULL),(644,80,'Domingo','00:00:00','00:00:00',NULL),(645,81,'Lunes','10:00:00','21:00:00',NULL),(646,81,'Martes','10:00:00','21:00:00',NULL),(647,81,'Miercoles','10:00:00','21:00:00',NULL),(648,81,'Jueves','10:00:00','21:00:00',NULL),(649,81,'Viernes','10:00:00','21:00:00',NULL),(650,81,'Sabado','10:00:00','21:00:00',NULL),(651,81,'Domingo','00:00:00','00:00:00',NULL),(652,82,'Lunes','09:00:00','14:00:00',NULL),(653,82,'Martes','09:00:00','19:00:00',NULL),(654,82,'Miercoles','07:00:00','19:00:00',NULL),(655,82,'Jueves','07:00:00','19:00:00',NULL),(656,82,'Viernes','07:00:00','19:00:00',NULL),(657,82,'Sabado','07:00:00','19:00:00',NULL),(658,82,'Domingo','07:00:00','19:00:00',NULL),(659,83,'Lunes','08:00:00','16:00:00',NULL),(660,83,'Martes','08:00:00','16:00:00',NULL),(661,83,'Miercoles','08:00:00','16:00:00',NULL),(662,83,'Jueves','08:00:00','16:00:00',NULL),(663,83,'Viernes','08:00:00','16:00:00',NULL),(664,83,'Sabado','08:00:00','12:00:00',NULL),(665,83,'Domingo','08:00:00','12:00:00',NULL),(666,84,'Lunes','09:00:00','14:00:00',NULL),(667,84,'Martes','06:00:00','20:00:00',NULL),(668,84,'Miercoles','06:00:00','20:00:00',NULL),(669,84,'Jueves','06:00:00','20:00:00',NULL),(670,84,'Viernes','06:00:00','20:00:00',NULL),(671,84,'Sabado','06:00:00','20:00:00',NULL),(672,84,'Domingo','06:00:00','20:00:00',NULL),(673,84,'Lunes','09:00:00','14:00:00',NULL),(674,84,'Martes','06:00:00','20:00:00',NULL),(675,84,'Miercoles','06:00:00','20:00:00',NULL),(676,84,'Jueves','06:00:00','20:00:00',NULL),(677,84,'Viernes','06:00:00','20:00:00',NULL),(678,84,'Sabado','06:00:00','20:00:00',NULL),(679,84,'Domingo','06:00:00','20:00:00',NULL),(680,85,'Lunes','07:00:00','15:00:00',NULL),(681,85,'Martes','06:30:00','23:00:00',NULL),(682,85,'Miercoles','06:30:00','23:00:00',NULL),(683,85,'Jueves','06:30:00','23:00:00',NULL),(684,85,'Viernes','06:30:00','23:00:00',NULL),(685,85,'Sabado','06:30:00','23:00:00',NULL),(686,85,'Domingo','06:30:00','23:00:00',NULL),(687,86,'Lunes','08:00:00','00:00:00',NULL),(688,86,'Martes','08:00:00','20:00:00',NULL),(689,86,'Miercoles','08:00:00','20:00:00',NULL),(690,86,'Jueves','08:00:00','20:00:00',NULL),(691,86,'Viernes','08:00:00','20:00:00',NULL),(692,86,'Sabado','08:00:00','20:00:00',NULL),(693,86,'Domingo','08:00:00','20:00:00',NULL),(694,86,'Lunes','08:00:00','00:00:00',NULL),(695,86,'Martes','08:00:00','20:00:00',NULL),(696,86,'Miercoles','08:00:00','20:00:00',NULL),(697,86,'Jueves','08:00:00','20:00:00',NULL),(698,86,'Viernes','08:00:00','20:00:00',NULL),(699,86,'Sabado','08:00:00','20:00:00',NULL),(700,86,'Domingo','08:00:00','20:00:00',NULL),(701,693,'Lunes','08:00:00','00:00:00',NULL),(702,693,'Martes','08:00:00','20:00:00',NULL),(703,693,'Miercoles','08:00:00','20:00:00',NULL),(704,693,'Jueves','08:00:00','20:00:00',NULL),(705,693,'Viernes','08:00:00','20:00:00',NULL),(706,693,'Sabado','08:00:00','20:00:00',NULL),(707,693,'Domingo','08:00:00','20:00:00',NULL),(708,84,'Lunes','00:00:00','00:00:00',NULL),(709,NULL,'Martes','00:00:00','00:00:00',NULL),(710,NULL,'Miercoles','00:00:00','00:00:00',NULL),(711,NULL,'Jueves','00:00:00','00:00:00',NULL),(712,NULL,'Viernes','00:00:00','00:00:00',NULL),(713,NULL,'Sabado','00:00:00','00:00:00',NULL),(714,NULL,'Domingo','00:00:00','00:00:00',NULL),(715,87,'Lunes','22:00:00','21:00:00',NULL),(716,87,'Martes','10:00:00','21:00:00',NULL),(717,87,'Miercoles','10:00:00','20:00:00',NULL),(718,87,'Jueves','10:00:00','20:00:00',NULL),(719,87,'Viernes','10:00:00','20:00:00',NULL),(720,87,'Sabado','10:00:00','20:00:00',NULL),(721,87,'Domingo','10:00:00','20:00:00',NULL),(722,88,'Lunes','00:00:00','00:00:00',NULL),(723,88,'Martes','10:00:00','20:00:00',NULL),(724,88,'Miercoles','10:00:00','20:00:00',NULL),(725,88,'Jueves','10:00:00','20:00:00',NULL),(726,88,'Viernes','10:00:00','20:00:00',NULL),(727,88,'Sabado','10:00:00','20:00:00',NULL),(728,88,'Domingo','10:00:00','20:00:00',NULL),(729,90,'Lunes','06:00:00','21:00:00',NULL),(730,90,'Martes','06:00:00','21:00:00',NULL),(731,90,'Miercoles','06:00:00','21:00:00',NULL),(732,90,'Jueves','08:00:00','13:00:00',NULL),(733,90,'Viernes','06:00:00','20:00:00',NULL),(734,90,'Sabado','06:00:00','21:00:00',NULL),(735,90,'Domingo','06:00:00','21:00:00',NULL),(736,91,'Lunes','09:00:00','19:00:00',NULL),(737,91,'Martes','09:00:00','19:00:00',NULL),(738,91,'Miercoles','09:00:00','19:00:00',NULL),(739,91,'Jueves','09:00:00','19:00:00',NULL),(740,91,'Viernes','09:00:00','19:00:00',NULL),(741,91,'Sabado','09:00:00','19:00:00',NULL),(742,91,'Domingo','00:00:00','00:00:00',NULL),(743,92,'Lunes','08:00:00','12:00:00',NULL),(744,92,'Martes','08:00:00','20:00:00',NULL),(745,92,'Miercoles','08:00:00','20:00:00',NULL),(746,92,'Jueves','08:00:00','20:00:00',NULL),(747,92,'Viernes','08:00:00','20:00:00',NULL),(748,92,'Sabado','08:00:00','20:00:00',NULL),(749,92,'Domingo','08:00:00','20:00:00',NULL),(750,749,'Lunes','08:00:00','12:00:00',NULL),(751,749,'Martes','08:00:00','20:00:00',NULL),(752,749,'Miercoles','08:00:00','20:00:00',NULL),(753,749,'Jueves','08:00:00','20:00:00',NULL),(754,749,'Viernes','08:00:00','20:00:00',NULL),(755,749,'Sabado','08:00:00','20:00:00',NULL),(756,749,'Domingo','08:00:00','20:00:00',NULL),(757,93,'Lunes','08:00:00','12:00:00',NULL),(758,93,'Martes','08:00:00','20:00:00',NULL),(759,93,'Miercoles','08:00:00','20:00:00',NULL),(760,93,'Jueves','08:00:00','20:00:00',NULL),(761,93,'Viernes','08:00:00','20:00:00',NULL),(762,93,'Sabado','08:00:00','20:00:00',NULL),(763,93,'Domingo','08:00:00','20:00:00',NULL),(764,94,'Lunes','00:00:00','17:00:00',NULL),(765,94,'Martes','09:00:00','19:00:00',NULL),(766,94,'Miercoles','09:00:00','19:00:00',NULL),(767,94,'Jueves','09:00:00','19:00:00',NULL),(768,94,'Viernes','09:00:00','19:00:00',NULL),(769,94,'Sabado','09:00:00','19:00:00',NULL),(770,94,'Domingo','09:00:00','19:00:00',NULL),(771,95,'Lunes','08:00:00','20:00:00',NULL),(772,95,'Martes','08:00:00','20:00:00',NULL),(773,95,'Miercoles','08:00:00','20:00:00',NULL),(774,95,'Jueves','08:00:00','20:00:00',NULL),(775,95,'Viernes','08:00:00','20:00:00',NULL),(776,95,'Sabado','08:00:00','20:00:00',NULL),(777,95,'Domingo','00:00:00','00:00:00',NULL),(778,96,'Lunes','08:00:00','19:00:00',NULL),(779,96,'Martes','08:00:00','19:00:00',NULL),(780,96,'Miercoles','08:00:00','19:00:00',NULL),(781,96,'Jueves','08:00:00','19:00:00',NULL),(782,96,'Viernes','08:00:00','19:00:00',NULL),(783,96,'Sabado','08:00:00','19:00:00',NULL),(784,96,'Domingo','08:00:00','19:00:00',NULL),(785,97,'Lunes','09:00:00','18:00:00',NULL),(786,97,'Martes','09:00:00','18:00:00',NULL),(787,97,'Miercoles','09:00:00','18:00:00',NULL),(788,97,'Jueves','09:00:00','18:00:00',NULL),(789,97,'Viernes','09:00:00','18:00:00',NULL),(790,97,'Sabado','09:00:00','18:00:00',NULL),(791,97,'Domingo','00:00:00','00:00:00',NULL),(792,98,'Lunes','09:00:00','14:00:00',NULL),(793,98,'Martes','09:00:00','21:00:00',NULL),(794,98,'Miercoles','09:00:00','18:00:00',NULL),(795,98,'Jueves','09:00:00','18:00:00',NULL),(796,98,'Viernes','09:00:00','18:00:00',NULL),(797,98,'Sabado','09:00:00','18:00:00',NULL),(798,98,'Domingo','09:00:00','18:00:00',NULL),(799,99,'Lunes','10:00:00','17:00:00',NULL),(800,99,'Martes','09:00:00','20:00:00',NULL),(801,99,'Miercoles','09:00:00','20:00:00',NULL),(802,99,'Jueves','09:00:00','20:00:00',NULL),(803,99,'Viernes','09:00:00','20:00:00',NULL),(804,99,'Sabado','09:00:00','20:00:00',NULL),(805,99,'Domingo','09:00:00','20:00:00',NULL),(806,100,'Lunes','09:00:00','18:00:00',NULL),(807,100,'Martes','09:00:00','18:00:00',NULL),(808,100,'Miercoles','09:00:00','18:00:00',NULL),(809,100,'Jueves','09:00:00','18:00:00',NULL),(810,100,'Viernes','09:00:00','18:00:00',NULL),(811,100,'Sabado','09:00:00','18:00:00',NULL),(812,100,'Domingo','09:00:00','18:00:00',NULL),(813,101,'Lunes','00:00:00','19:00:00',NULL),(814,101,'Martes','10:00:00','19:00:00',NULL),(815,101,'Miercoles','10:00:00','19:00:00',NULL),(816,101,'Jueves','10:00:00','19:00:00',NULL),(817,101,'Viernes','10:00:00','19:00:00',NULL),(818,101,'Sabado','10:00:00','19:00:00',NULL),(819,101,'Domingo','10:00:00','19:00:00',NULL),(820,102,'Lunes','10:00:00','20:00:00',NULL),(821,102,'Martes','10:00:00','20:00:00',NULL),(822,102,'Miercoles','10:00:00','20:00:00',NULL),(823,102,'Jueves','10:00:00','20:00:00',NULL),(824,102,'Viernes','10:00:00','20:00:00',NULL),(825,102,'Sabado','00:00:00','18:00:00',NULL),(826,102,'Domingo','00:00:00','18:00:00',NULL),(827,103,'Lunes','07:00:00','22:00:00',NULL),(828,103,'Martes','07:00:00','22:00:00',NULL),(829,103,'Miercoles','07:00:00','22:00:00',NULL),(830,103,'Jueves','07:00:00','22:00:00',NULL),(831,103,'Viernes','07:00:00','22:00:00',NULL),(832,103,'Sabado','07:00:00','22:00:00',NULL),(833,103,'Domingo','07:00:00','22:00:00',NULL),(834,104,'Lunes','07:00:00','22:00:00',NULL),(835,104,'Martes','07:00:00','22:00:00',NULL),(836,104,'Miercoles','07:00:00','22:00:00',NULL),(837,104,'Jueves','07:00:00','22:00:00',NULL),(838,104,'Viernes','07:00:00','22:00:00',NULL),(839,104,'Sabado','07:00:00','22:00:00',NULL),(840,104,'Domingo','07:00:00','22:00:00',NULL),(841,105,'Lunes','09:00:00','20:00:00',NULL),(842,105,'Martes','09:00:00','20:00:00',NULL),(843,105,'Miercoles','09:00:00','20:00:00',NULL),(844,105,'Jueves','09:00:00','20:00:00',NULL),(845,105,'Viernes','09:00:00','20:00:00',NULL),(846,105,'Sabado','09:00:00','15:00:00',NULL),(847,105,'Domingo','09:00:00','15:00:00',NULL),(848,106,'Lunes','09:00:00','00:00:00',NULL),(849,106,'Martes','09:00:00','00:00:00',NULL),(850,106,'Miercoles','09:00:00','20:00:00',NULL),(851,106,'Jueves','09:00:00','20:00:00',NULL),(852,106,'Viernes','09:00:00','20:00:00',NULL),(853,106,'Sabado','09:00:00','20:00:00',NULL),(854,106,'Domingo','09:00:00','20:00:00',NULL),(855,107,'Lunes','09:00:00','19:00:00',NULL),(856,107,'Martes','09:00:00','19:00:00',NULL),(857,107,'Miercoles','09:00:00','19:00:00',NULL),(858,107,'Jueves','09:00:00','19:00:00',NULL),(859,107,'Viernes','09:00:00','19:00:00',NULL),(860,107,'Sabado','09:00:00','17:00:00',NULL),(861,107,'Domingo','09:00:00','17:00:00',NULL),(862,108,'Lunes','08:00:00','14:00:00',NULL),(863,108,'Martes','06:00:00','20:00:00',NULL),(864,108,'Miercoles','06:00:00','18:00:00',NULL),(865,108,'Jueves','20:00:00','18:00:00',NULL),(866,108,'Viernes','08:00:00','18:00:00',NULL),(867,108,'Sabado','08:00:00','18:00:00',NULL),(868,108,'Domingo','08:00:00','18:00:00',NULL),(869,109,'Lunes','00:00:00','12:00:00',NULL),(870,109,'Martes','08:00:00','00:00:00',NULL),(871,109,'Miercoles','08:00:00','17:00:00',NULL),(872,109,'Jueves','08:00:00','17:00:00',NULL),(873,109,'Viernes','08:00:00','17:00:00',NULL),(874,109,'Sabado','08:00:00','17:00:00',NULL),(875,109,'Domingo','08:00:00','17:00:00',NULL),(876,109,'Lunes','00:00:00','12:00:00',NULL),(877,109,'Martes','08:00:00','00:00:00',NULL),(878,109,'Miercoles','08:00:00','17:00:00',NULL),(879,109,'Jueves','08:00:00','17:00:00',NULL),(880,109,'Viernes','08:00:00','17:00:00',NULL),(881,109,'Sabado','08:00:00','17:00:00',NULL),(882,109,'Domingo','08:00:00','17:00:00',NULL),(883,110,'Lunes','12:00:00','15:30:00',NULL),(884,110,'Lunes','12:00:00','15:30:00',NULL),(885,110,'Martes','20:30:00','04:00:00',NULL),(886,110,'Martes','20:30:00','04:00:00',NULL),(887,110,'Miercoles','20:30:00','04:00:00',NULL),(888,110,'Miercoles','20:30:00','04:00:00',NULL),(889,110,'Lunes','12:00:00','15:30:00',NULL),(890,110,'Jueves','20:30:00','03:30:00',NULL),(891,110,'Martes','20:30:00','04:00:00',NULL),(892,110,'Jueves','20:30:00','03:30:00',NULL),(893,110,'Viernes','20:30:00','03:30:00',NULL),(894,110,'Miercoles','20:30:00','04:00:00',NULL),(895,110,'Viernes','20:30:00','03:30:00',NULL),(896,110,'Sabado','20:30:00','03:30:00',NULL),(897,110,'Jueves','20:30:00','03:30:00',NULL),(898,110,'Sabado','20:30:00','03:30:00',NULL),(899,110,'Lunes','12:00:00','15:30:00',NULL),(900,110,'Domingo','20:30:00','03:30:00',NULL),(901,110,'Viernes','20:30:00','03:30:00',NULL),(902,110,'Domingo','20:30:00','03:30:00',NULL),(903,110,'Martes','20:30:00','04:00:00',NULL),(904,110,'Sabado','20:30:00','03:30:00',NULL),(905,110,'Miercoles','20:30:00','04:00:00',NULL),(906,110,'Domingo','20:30:00','03:30:00',NULL),(907,110,'Jueves','20:30:00','03:30:00',NULL),(908,110,'Viernes','20:30:00','03:30:00',NULL),(909,110,'Sabado','20:30:00','03:30:00',NULL),(910,110,'Domingo','20:30:00','03:30:00',NULL),(911,110,'Lunes','12:00:00','15:30:00',NULL),(912,110,'Martes','20:30:00','04:00:00',NULL),(913,110,'Miercoles','20:30:00','04:00:00',NULL),(914,110,'Lunes','12:00:00','15:30:00',NULL),(915,110,'Jueves','20:30:00','03:30:00',NULL),(916,110,'Martes','20:30:00','04:00:00',NULL),(917,110,'Viernes','20:30:00','03:30:00',NULL),(918,110,'Miercoles','20:30:00','04:00:00',NULL),(919,110,'Sabado','20:30:00','03:30:00',NULL),(920,110,'Jueves','20:30:00','03:30:00',NULL),(921,110,'Domingo','20:30:00','03:30:00',NULL),(922,110,'Viernes','20:30:00','03:30:00',NULL),(923,110,'Sabado','20:30:00','03:30:00',NULL),(924,110,'Domingo','20:30:00','03:30:00',NULL),(925,110,'Lunes','12:00:00','15:30:00',NULL),(926,110,'Martes','20:30:00','04:00:00',NULL),(927,110,'Miercoles','20:30:00','04:00:00',NULL),(928,110,'Jueves','20:30:00','03:30:00',NULL),(929,110,'Viernes','20:30:00','03:30:00',NULL),(930,110,'Sabado','20:30:00','03:30:00',NULL),(931,110,'Domingo','20:30:00','03:30:00',NULL),(932,110,'Lunes','12:00:00','15:30:00',NULL),(933,110,'Martes','20:30:00','04:00:00',NULL),(934,110,'Lunes','12:00:00','15:30:00',NULL),(935,110,'Miercoles','20:30:00','04:00:00',NULL),(936,110,'Martes','20:30:00','04:00:00',NULL),(937,110,'Jueves','20:30:00','03:30:00',NULL),(938,110,'Miercoles','20:30:00','04:00:00',NULL),(939,110,'Viernes','20:30:00','03:30:00',NULL),(940,110,'Jueves','20:30:00','03:30:00',NULL),(941,110,'Sabado','20:30:00','03:30:00',NULL),(942,110,'Viernes','20:30:00','03:30:00',NULL),(943,110,'Domingo','20:30:00','03:30:00',NULL),(944,110,'Sabado','20:30:00','03:30:00',NULL),(945,110,'Domingo','20:30:00','03:30:00',NULL),(946,924,'Lunes','12:00:00','15:30:00',NULL),(947,924,'Martes','20:30:00','04:00:00',NULL),(948,924,'Miercoles','20:30:00','04:00:00',NULL),(949,924,'Jueves','20:30:00','03:30:00',NULL),(950,924,'Viernes','20:30:00','03:30:00',NULL),(951,924,'Sabado','20:30:00','03:30:00',NULL),(952,924,'Domingo','20:30:00','03:30:00',NULL),(953,111,'Lunes','1:00am','8:30pm',NULL),(954,111,'Martes','3:30pm','2:30am',NULL),(955,111,'Miércoles','','',NULL),(956,111,'Jueves','','',NULL),(957,111,'Viernes','','',NULL),(958,111,'Sábado','','',NULL),(959,111,'Domingo','','',NULL),(960,112,'Lunes','12:30am','4:00pm',NULL),(961,112,'Martes','2:00pm','9:30pm',NULL),(962,112,'Miércoles','1:30am','7:30am',NULL),(963,112,'Jueves','','',NULL),(964,112,'Viernes','','',NULL),(965,112,'Sábado','','',NULL),(966,112,'Domingo','','',NULL),(967,113,'Lunes','12:30am','1:30am',NULL),(968,113,'Martes','1:30am','1:30pm',NULL),(969,113,'Miércoles','10:00am','12:00pm',NULL),(970,113,'Jueves','2:00pm','6:00pm',NULL),(971,113,'Viernes','','',NULL),(972,113,'Sábado','','',NULL),(973,113,'Domingo','','',NULL),(974,973,'Lunes','12:30am','1:30am',NULL),(975,973,'Martes','1:30am','1:30pm',NULL),(976,973,'Miércoles','10:00am','12:00pm',NULL),(977,973,'Jueves','2:00pm','6:00pm',NULL),(978,973,'Viernes','','',NULL),(979,973,'Sábado','','',NULL),(980,973,'Domingo','','',NULL),(981,114,'Lunes','1:00am','6:30am',NULL),(982,114,'Martes','','',NULL),(983,114,'Miércoles','','',NULL),(984,114,'Jueves','','',NULL),(985,114,'Viernes','','',NULL),(986,114,'Sábado','','',NULL),(987,114,'Domingo','','',NULL),(988,115,'Lunes','1:00am','9:30am',NULL),(989,115,'Martes','10:00am','1:30am',NULL),(990,115,'Miércoles','1:30am','2:00am',NULL),(991,115,'Jueves','','',NULL),(992,115,'Viernes','','',NULL),(993,115,'Sábado','','',NULL),(994,115,'Domingo','','',NULL),(995,116,'Lunes','1:30am','1:00am',NULL),(996,116,'Martes','12:30am','1:30am',NULL),(997,116,'Miércoles','','',NULL),(998,116,'Jueves','','',NULL),(999,116,'Viernes','','',NULL),(1000,116,'Sábado','','',NULL),(1001,116,'Domingo','','',NULL),(1002,1001,'Lunes','1:30am','1:00am',NULL),(1003,1001,'Martes','12:30am','1:30am',NULL),(1004,1001,'Miércoles','','',NULL),(1005,1001,'Jueves','','',NULL),(1006,1001,'Viernes','','',NULL),(1007,1001,'Sábado','','',NULL),(1008,1001,'Domingo','','',NULL),(1009,117,'Lunes','2:00am','2:00am',NULL),(1010,117,'Martes','1:00am','1:00am',NULL),(1011,117,'Miércoles','','',NULL),(1012,117,'Jueves','','',NULL),(1013,117,'Viernes','','',NULL),(1014,117,'Sábado','','',NULL),(1015,117,'Domingo','','',NULL),(1016,1015,'Lunes','2:00am','2:00am',NULL),(1017,1015,'Martes','1:00am','1:00am',NULL),(1018,1015,'Miércoles','','',NULL),(1019,1015,'Jueves','','',NULL),(1020,1015,'Viernes','','',NULL),(1021,1015,'Sábado','','',NULL),(1022,1015,'Domingo','','',NULL),(1023,118,'Lunes','12:30am','2:30am',NULL),(1024,118,'Martes','','',NULL),(1025,118,'Miércoles','','',NULL),(1026,118,'Jueves','','',NULL),(1027,118,'Viernes','','',NULL),(1028,118,'Sábado','','',NULL),(1029,118,'Domingo','','',NULL),(1030,119,'Lunes','1:30am','1:00am',NULL),(1031,119,'Martes','','',NULL),(1032,119,'Miércoles','','',NULL),(1033,119,'Jueves','','',NULL),(1034,119,'Viernes','','',NULL),(1035,119,'Sábado','','',NULL),(1036,119,'Domingo','','',NULL),(1037,120,'Lunes','1:00am','1:00am',NULL),(1038,120,'Martes','','',NULL),(1039,120,'Miércoles','','',NULL),(1040,120,'Jueves','','',NULL),(1041,120,'Viernes','','',NULL),(1042,120,'Sábado','','',NULL),(1043,120,'Domingo','','',NULL);
/*!40000 ALTER TABLE `establecimientohorario` ENABLE KEYS */;
UNLOCK TABLES;

--
-- Table structure for table `establecimientoservicio`
--

DROP TABLE IF EXISTS `establecimientoservicio`;
/*!40101 SET @saved_cs_client     = @@character_set_client */;
 SET character_set_client = utf8mb4 ;
CREATE TABLE `establecimientoservicio` (
  `servicioID` int(11) NOT NULL AUTO_INCREMENT,
  `establecimientID` int(11) NOT NULL,
  `servicios` varchar(200) NOT NULL,
  `servicioPrincipal` varchar(520) NOT NULL,
  `establecimientoserviciocol` varchar(245) DEFAULT NULL,
  PRIMARY KEY (`servicioID`)
) ENGINE=InnoDB AUTO_INCREMENT=106 DEFAULT CHARSET=latin1;
/*!40101 SET character_set_client = @saved_cs_client */;

--
-- Dumping data for table `establecimientoservicio`
--

LOCK TABLES `establecimientoservicio` WRITE;
/*!40000 ALTER TABLE `establecimientoservicio` DISABLE KEYS */;
INSERT INTO `establecimientoservicio` VALUES (1,1,'Limpieza,Diseño de sonrisa,Blanqueamiento,Tratamiento Odontológico,Ortodoncia,Odontología Cosmética,Cirugía Maxilofacial,Implantología','Clínicas Dentales',NULL),(2,2,'Masajes relajantes,Masajes reductores,Masajes Terapéuticos,Aromaterapia,Musicoterapia,Cromoterapia','Masajes y Spa',NULL),(3,3,'Corte de cabello,Lavado,Alizados,Barba,Tinte,Manicure','Barberias',NULL),(4,4,'Corte de cabello,Lavado,Planchado,Alizados,Peinados,Maquillaje,Uñas,Masajes','Salones',NULL),(5,5,'TRXs,Crossfit,Bootcamp,Entrenamiento ,Personalizad','Functional Training',NULL),(7,7,'Limpieza,Diseño de sonrisa,Blanqueamiento,Tratamie','Clinicas Dentales',NULL),(8,8,'Corte de cabello,Lavado,Alizados,Barba,Tinte,Manicure','Barberias',NULL),(9,9,'Manicure,Pedicure,Uñas Esculpidas,Shellac,Podología','Uñas',NULL),(10,10,'Manicure,Pedicure,Shellac,Uñas Esculpidas,Podología','Uñas',NULL),(11,11,'Corte de cabello,Lavado,Planchado,Alizados,Peinado','Salones',NULL),(12,12,'Corte de cabello,Lavado,Planchado,Alizados,Peinados,Maquillaje,Uñas,Masajes','Salones',NULL),(13,13,'Masajes relajantes,Masajes reductores,Masajes Tera','Masajes y Sp ',NULL),(14,14,'Reducción de medidas,Tratamientos corporales,Masajes,Reducción de medidas,Tratamientos corporales,Masajes,Faciales,Tratamientos de la piel','Estética',NULL),(20,18,'Consulta Médica, nutrición, ginecología, cirugía g','Clínicas',NULL),(26,0,'Corte de cabello,Alizados,Lavado,Barba','Barberias',NULL),(36,36,'Corte de cabello,Lavado,Planchado','Salones',NULL),(37,37,'Reducción de medidas,Masajes,Tratamientos corporales,Reducción de medidas,Tratamientos corporales,Masajes,Reducción de medidas,Tratamientos corporales,Masajes,Faciales,Tratamientos de la piel','Estética',NULL),(38,39,'Reducción de medidas','Estética',NULL),(39,40,'Diseño de cejas,Micropigmentación,Pestañas Postizas,Pestañas punto por punto,Microblanding','Cejas y Pestañas',NULL),(40,41,'Corte de cabello,Lavado,Planchado,Alizados,Peinados,Maquillaje,Uñas,Masajes,Masajes','Salones',NULL),(41,42,'Limpieza,Diseño de sonrisa,Blanqueamiento,Tratamie','Clinicas Dentales',NULL),(42,44,'Corte de cabello,Lavado','Salones',NULL),(43,45,'Manicure,Pedicure,Shellac,Uñas Esculpidas,Podología','Uñas',NULL),(44,47,'Limpieza,Diseño de sonrisa,Tratamiento Odontológic','Clinicas Dentales',NULL),(60,64,'Corte de cabello,Lavado,Alizados,Barba,Tinte,Manicure','Barberias',NULL),(62,68,'Corte de cabello,Lavado,Alizados','Barberias',NULL),(65,71,'Manicure,Pedicure,Shellac,Uñas Esculpidas,Podología','Uñas',NULL),(66,72,'Corte de cabello,Lavado,Planchado,Alizados,Peinados,Maquillaje,Uñas,Corte de cabello,Lavado,Planchado,Alizados,Peinados,Maquillaje,Uñas','Salones',NULL),(67,73,'Limpieza,Diseño de sonrisa,Blanqueamiento, cirugia','Clinicas Dentales',NULL),(68,74,'Masajes relajantes,Masajes reductores,Masajes Terapéuticos,Aromaterapia,Cromoterapia','Masajes y Spa',NULL),(69,75,'Manicure,Pedicure,Shellac,Uñas Esculpidas,Podología,Podología,Podología','Uñas',NULL),(70,76,'Corte de cabello,Lavado,Alizados,Barba,Tinte,Manicure','Barberias',NULL),(71,77,'Manicure,Pedicure,Uñas Esculpidas,Podología,Shellac','Uñas',NULL),(72,78,'Reducción de medidas,Tratamientos corporales,Faciales,Tratamientos de la piel,Masajes','Estética',NULL),(73,80,'Corte de cabello,Lavado,Planchado,Peinados','Salones',NULL),(74,43,'Corte de cabello,Lavado,Planchado,Peinados','Functional Training',NULL),(75,81,'Corte de cabello,Lavado,Barba,Tinte,Manicure,Alizados','Barberias',NULL),(76,82,'Corte de cabello,Planchado,Lavado,Alizados,Peinados,Maquillaje,Uñas,Masajes','Salones',NULL),(77,83,'Limpieza,Diseño de sonrisa,Blanqueamiento,Tratamie','Clinicas Dentales',NULL),(78,86,'Reducción de medidas,Tratamientos corporales,Depilación,Faciales,Tratamientos de la piel','Estética',NULL),(79,84,'Limpieza,Diseño de sonrisa,Blanqueamiento, cirugia','',NULL),(80,88,'Depilación Hilo,Depilación,Faciales,Tratamientos de la piel','Estética',NULL),(81,91,'Corte de cabello,Lavado,Alizados,Barba,Tinte,Manicure','Barberias',NULL),(82,93,'Gimnasio, Centro de fitness','Functional Training',NULL),(83,94,'Corte de cabello,Lavado,Alizados,Barba,Tinte,Manicure','Barberias',NULL),(84,95,'Masajes relajantes,Masajes reductores,Masajes Terapéuticos,Aromaterapia,Musicoterapia,Cromoterapia','Masajes y Spa',NULL),(85,96,'Corte de cabello,Lavado,Planchado,Alizados,Peinados,Maquillaje,Uñas,Masajes','Salones',NULL),(86,97,'Masajes relajantes,Masajes reductores,Masajes Terapéuticos,Musicoterapia,Aromaterapia,Cromoterapia','Masajes y Spa',NULL),(87,98,'Masajes relajantes,Masajes reductores,Masajes Terapéuticos,Aromaterapia,Musicoterapia,Cromoterapia','Masajes y Spa',NULL),(88,99,'Limpieza,Diseño de sonrisa,Blanqueamiento,Tratamie','Clinicas Dentales',NULL),(89,100,'Depilación Láser,Depilación Hilo,Depilación Cera,Depilación Bikini','Depilación',NULL),(90,101,'Manicure,Pedicure,Shellac,Uñas Esculpidas,Podología','Uñas',NULL),(91,102,'Diseño de cejas,Micropigmentación,Pestañas Postizas,Pestañas punto por punto,Microblanding','Cejas y Pestañas',NULL),(92,103,'Masajes relajantes,Masajes reductores,Masajes Terapéuticos,Aromaterapia,Musicoterapia,Cromoterapia','Masajes y Spa',NULL),(93,105,'Reducción de medidas,Tratamientos corporales,Masajes,Depilación,Faciales,Tratamientos de la piel','Estética',NULL),(94,106,'Corte de cabello,Lavado,Planchado,Alizados,Uñas,Masajes,Maquillaje,Peinados','Salones',NULL),(95,108,'Limpieza,Diseño de sonrisa,Blanqueamiento,Tratamie','Clinicas Dentales',NULL),(96,111,'Corte de cabello,Lavado,Alizados,Barba','Barberias',NULL),(97,112,'Blanqueamiento,Diseño de sonrisa,Limpieza,Ortodoncia,Tratamiento Odontológico','Clínicas',NULL),(98,113,'Corte de cabello,Lavado,Alizados','Barberias',NULL),(99,114,'Corte de cabello,Lavado,Alizados,Barba,Tinte,Manicure','Barberias',NULL),(100,115,'Diseño de cejas,Micropigmentación,Pestañas Postizas,Pestañas punto por punto,Microblanding','Functional Training',NULL),(101,116,'Diseño de cejas,Micropigmentación,Pestañas Postizas,Pestañas punto por punto,Microblanding','Cejas y Pestañas',NULL),(102,117,'Diseño de cejas,Micropigmentación,Pestañas Postizas,Pestañas punto por punto','Functional Training',NULL),(103,118,'Corte de cabello,Lavado,Alizados','Barberias',NULL),(104,119,'Limpieza,Diseño de sonrisa,Blanqueamiento,Tratamiento Odontológico,Ortodoncia','Clínicas',NULL),(105,120,'Corte de cabello,Lavado,Alizados,Barba,Tinte,Manicure','Barberias',NULL);
/*!40000 ALTER TABLE `establecimientoservicio` ENABLE KEYS */;
UNLOCK TABLES;

--
-- Table structure for table `imagenes`
--

DROP TABLE IF EXISTS `imagenes`;
/*!40101 SET @saved_cs_client     = @@character_set_client */;
 SET character_set_client = utf8mb4 ;
CREATE TABLE `imagenes` (
  `id` int(11) NOT NULL AUTO_INCREMENT,
  `establecimirntoID` int(11) DEFAULT NULL,
  `imagenesEstablecimiento` varchar(100) NOT NULL,
  PRIMARY KEY (`id`)
) ENGINE=InnoDB AUTO_INCREMENT=222 DEFAULT CHARSET=latin1;
/*!40101 SET character_set_client = @saved_cs_client */;

--
-- Dumping data for table `imagenes`
--

LOCK TABLES `imagenes` WRITE;
/*!40000 ALTER TABLE `imagenes` DISABLE KEYS */;
INSERT INTO `imagenes` VALUES (1,1,'53018031_482519375616823_8266498587966308352_o.jpg'),(2,1,'45182239_420957365106358_6500111635863044096_o (1).jpg'),(3,2,'53113343_554563188372000_8674647410254807040_o.jpg'),(4,2,'53060062_557951868033132_6029482214922649600_n.jpg'),(5,3,'salvador_3.jpg'),(6,3,'2.jpg'),(7,4,'Budha_5.jpg'),(8,4,'Budha_3.jpg'),(9,5,'animal_2.jpg'),(10,5,'animal_4.jpg'),(13,7,'Idental_3.jpg'),(14,7,'Idental_2.jpg'),(15,8,'cesar_5.jpg'),(16,8,'cesar_6.jpg'),(17,9,'spa_manos_3.jpg'),(18,9,'spa_manos_2.jpg'),(19,10,'velvet_2.jpg'),(20,10,'velvet_3.jpg'),(21,11,'Bal_2.jpg'),(22,11,'Bal_1.jpg'),(23,12,'human_1.png'),(24,12,'Lupes_4.jpg'),(25,13,'Coco_5.jpg'),(26,13,'Coco_2.jpg'),(27,14,'human_1.png'),(28,14,'human_2.jpg'),(33,17,'physis2.jpeg'),(34,17,'physis3.jpeg'),(35,18,'physis2.jpeg'),(43,18,'physis2.jpeg'),(70,37,'corpobello6.jpeg'),(71,37,'32853371_424254321379371_7502254533972590592_n.jpg'),(72,40,'7f623fea-3add-483a-92c6-dfac09bfe464.jpeg'),(73,40,'30a81324-d4f0-484b-8732-67b3f6eb1112.jpg'),(74,41,'49356878_128144678224830_2083517922688009212_n.jpg'),(75,41,'Captura de pantalla 2019-08-03 a la(s) 11.38.20 a.m..png'),(76,42,'de37216d-bfc1-4840-b6c2-5b56a3c9dd44.JPG'),(77,42,'33d1f761-0add-4aa5-81f4-add0cf12f20e.JPG'),(78,43,'IMG_4538.JPG'),(79,43,'IMG_4143.JPG'),(80,44,'15649423911371462572325810928830.jpg'),(81,44,'15649424102102307832004148924332.jpg'),(82,45,'55477af8-7844-4aa6-94fb-0152cfe7efb2.JPG'),(83,45,'bb07ab3c-c720-4c74-9d19-c7775ae722eb.JPG'),(84,47,'58cdb17f-9152-41da-8b14-95da1e7caeb2.JPG'),(85,47,'088cef60-ef93-41b9-b26f-77bdddca190a.JPG'),(118,64,'d107ffcd-c84f-4851-b14c-ce224a7fc7c9.jfif'),(119,64,'4c1ee24f-e8c4-4b00-98dd-5a87dfd399e3.jfif'),(120,0,'IMG_0393.jpg'),(121,0,'IMG_4745.jpg'),(124,66,'cuarto.jpg'),(125,66,'file-5.jpeg'),(126,67,'IMG_6497.JPG'),(127,67,'IMG_4143.JPG'),(132,71,'IMG_5091.jpg'),(133,71,'IMG_5090.jpg'),(134,72,'IMG_5222.jpg'),(135,72,'IMG_5223.jpg'),(136,73,'IMG_5227.jpg'),(137,73,'IMG_5228.jpg'),(138,74,'IMG_5350.jpg'),(139,74,'IMG_5349.jpg'),(140,75,'1e2205f7-fa24-47aa-9e4e-7fb786790996.JPG'),(141,75,'30fcd702-c4a0-46d8-92f3-82858498bf24.JPG'),(142,76,'IMG_5407.jpg'),(143,76,'IMG_5408.jpg'),(144,77,'IMG_5225.jpg'),(145,77,'IMG_5226.jpg'),(146,78,'IMG_5344.jpg'),(147,78,'IMG_5346.jpg'),(148,80,'dadany2.jpg'),(149,80,'aldany3.jpg'),(150,81,'IMG_5800.jpg'),(151,81,'IMG_5801.jpg'),(152,82,'IMG_5796.jpg'),(153,82,'IMG_5797.jpg'),(154,83,'IMG_5881.jpg'),(155,83,'IMG_5882.jpg'),(156,84,'IMG_5897.jpg'),(157,84,'IMG_5896.jpg'),(158,85,'IMG_5900.jpg'),(159,85,'IMG_5901.jpg'),(160,86,'IMG_5903.jpg'),(161,86,'IMG_5902.jpg'),(162,87,'IMG_5909.jpg'),(163,87,'IMG_5907.jpg'),(164,88,'IMG_5908.jpg'),(165,88,'IMG_5907.jpg'),(166,90,'IMG_5901.jpg'),(167,90,'IMG_5898.jpg'),(168,91,'IMG_6067.jpg'),(169,91,'IMG_6065.jpg'),(170,92,'IMG_6061.jpg'),(171,92,'IMG_6060.jpg'),(172,93,'IMG_6060.jpg'),(173,93,'IMG_6061.jpg'),(174,94,'IMG_6069.jpg'),(175,94,'IMG_6070.jpg'),(176,95,'IMG_6074.jpg'),(177,95,'IMG_6075.jpg'),(178,96,'IMG_6116.jpg'),(179,96,'IMG_6117.jpg'),(180,97,'IMG_6120.jpg'),(181,97,'IMG_6122.jpg'),(182,99,'IMG_6134.jpg'),(183,99,'IMG_6135.jpg'),(184,100,'IMG_6138.jpg'),(185,100,'IMG_6139.jpg'),(186,101,'IMG_6142.jpg'),(187,101,'IMG_6143.jpg'),(188,102,'IMG_6147.jpg'),(189,102,'IMG_6148.jpg'),(190,103,'IMG_6153.jpg'),(191,103,'IMG_6152.jpg'),(192,104,'IMG_6158.jpg'),(193,104,'IMG_6157.jpg'),(194,105,'IMG_6175.jpg'),(195,105,'IMG_6176.jpg'),(196,106,'IMG_6179.jpg'),(197,106,'IMG_6180.jpg'),(198,109,'IMG_6214.jpg'),(199,109,'IMG_6213.jpg'),(200,110,'IMG_6221.jpg'),(201,110,'IMG_6222.jpg'),(202,111,'atom.png'),(203,111,'1765837-0-background-86.png'),(204,112,'avatar-dhg.png'),(205,112,'36217412-0-favicom.png'),(206,113,'atom.png'),(207,113,'cellphone.png'),(208,114,'atom.png'),(209,114,'avatar-dhg.png'),(210,115,'atom.png'),(211,115,'avatar-dhg.png'),(212,116,'36217412-0-favicom.png'),(213,116,'avatar-dhg.png'),(214,117,'36217412-0-favicom.png'),(215,117,'1554372774-36050131-50x41x50x50x0x5-landing-panama-05.png'),(216,118,'avatar-dhg.png'),(217,118,'1765837-0-background-86.png'),(218,119,'atom.png'),(219,119,'avatar-dhg.png'),(220,120,'avatar-dhg.png'),(221,120,'1765837-0-background-86.png');
/*!40000 ALTER TABLE `imagenes` ENABLE KEYS */;
UNLOCK TABLES;

--
-- Table structure for table `loginactive`
--

DROP TABLE IF EXISTS `loginactive`;
/*!40101 SET @saved_cs_client     = @@character_set_client */;
 SET character_set_client = utf8mb4 ;
CREATE TABLE `loginactive` (
  `idloginActive` int(11) NOT NULL AUTO_INCREMENT,
  `userId` int(11) DEFAULT NULL,
  `ip` varchar(20) DEFAULT NULL,
  `token` varchar(40) DEFAULT NULL,
  PRIMARY KEY (`idloginActive`)
) ENGINE=InnoDB AUTO_INCREMENT=124 DEFAULT CHARSET=latin1;
/*!40101 SET character_set_client = @saved_cs_client */;

--
-- Dumping data for table `loginactive`
--

LOCK TABLES `loginactive` WRITE;
/*!40000 ALTER TABLE `loginactive` DISABLE KEYS */;
INSERT INTO `loginactive` VALUES (61,4,'www.guialook.com','d4gho8pstninuy5wi7d5lj'),(119,3,'www.guialook.com','q52scjcui1s58qggb5rpc'),(123,1,'localhost:4000','w4v8ywew7yq8fyke5wa8ha');
/*!40000 ALTER TABLE `loginactive` ENABLE KEYS */;
UNLOCK TABLES;

--
-- Table structure for table `methodpay`
--

DROP TABLE IF EXISTS `methodpay`;
/*!40101 SET @saved_cs_client     = @@character_set_client */;
 SET character_set_client = utf8mb4 ;
CREATE TABLE `methodpay` (
  `id` int(11) NOT NULL AUTO_INCREMENT,
  `idestablecimiento` int(11) NOT NULL,
  `methodpay` varchar(100) DEFAULT NULL,
  PRIMARY KEY (`id`)
) ENGINE=InnoDB AUTO_INCREMENT=117 DEFAULT CHARSET=latin1;
/*!40101 SET character_set_client = @saved_cs_client */;

--
-- Dumping data for table `methodpay`
--

LOCK TABLES `methodpay` WRITE;
/*!40000 ALTER TABLE `methodpay` DISABLE KEYS */;
INSERT INTO `methodpay` VALUES (1,1,'Efectivo,Tarjeta Débito,Tarjeta Crédito,Visa,Mastercard '),(2,2,'Efectivo,Tarjeta Débito,Tarjeta Crédito,Visa,Mastercard '),(3,3,'Efectivo,Tarjeta Débito,Tarjeta Crédito,Visa,Mastercard '),(4,4,'Efectivo,Tarjeta Débito,Tarjeta Crédito,Visa,Mastercard '),(5,5,'Efectivo,Tarjeta Débito,Tarjeta Crédito,Visa,Mastercard '),(7,7,'Efectivo,Tarjeta Débito,Tarjeta Crédito,Visa,Mastercard '),(8,8,'Efectivo,Tarjeta Débito,Tarjeta Crédito,Visa,Mastercard '),(9,10,'Efectivo,Tarjeta Débito,Tarjeta Crédito,Visa,Mastercard '),(10,11,'Efectivo,Tarjeta Débito,Tarjeta Crédito,Visa,Mastercard '),(11,12,'Efectivo,Tarjeta Débito,Tarjeta Crédito,Visa,Mastercard '),(12,13,'Efectivo,Tarjeta Débito,Tarjeta Crédito,Visa,Mastercard'),(13,14,'Efectivo,Tarjeta Débito,Tarjeta Crédito,Visa,Mastercard '),(14,9,'Efectivo,Tarjeta Débito,Tarjeta Crédito,Visa,Mastercard '),(17,17,'Efectivo,Tarjeta Debiro,Tarjeta creadito,Visa,mastercard '),(18,18,'Efectivo,Tarjeta Debiro,Tarjeta creadito,Visa,mastercard '),(35,37,'Efectivo,Tarjeta Debito,Tarjeta credito'),(36,40,'Efectivo,Tarjeta Debito,Tarjeta credito'),(37,41,'Efectivo,Tarjeta Debito,Tarjeta credito'),(38,42,'Efectivo,Tarjeta credito,Tarjeta Debito,Visa'),(39,43,'Efectivo,Tarjeta Debito,Tarjeta credito,Visa,mastercard '),(45,45,'Efectivo,Tarjeta Debito,Tarjeta credito,Visa,mastercard '),(46,46,'Efectivo,Tarjeta Debito,Tarjeta credito,Visa,mastercard '),(51,47,'Efectivo,Tarjeta Debito,Tarjeta credito'),(65,64,'Efectivo,Tarjeta Debito,Tarjeta credito,Visa,mastercard '),(66,0,'Efectivo'),(68,66,'Efectivo,Tarjeta Debito,Tarjeta credito,Visa,mastercard '),(69,67,'Efectivo'),(72,71,'Efectivo,Tarjeta Debito'),(73,72,'Efectivo,Tarjeta credito'),(74,73,'Efectivo,Tarjeta credito,Tarjeta Debito'),(75,74,'Efectivo,Tarjeta Debito,Tarjeta credito'),(76,75,'Efectivo,Tarjeta Debito,Tarjeta credito,Visa,mastercard '),(77,76,'Efectivo,Tarjeta Debito,Tarjeta credito,Visa,mastercard '),(78,77,'Efectivo,Tarjeta Debito,Tarjeta credito,Visa,mastercard '),(79,78,'Efectivo,Tarjeta Debito,Tarjeta credito,Visa,mastercard '),(80,80,'Efectivo,Tarjeta Debito,Tarjeta credito'),(81,81,'Efectivo,Tarjeta Debito,Tarjeta credito,Visa,mastercard '),(82,82,'Efectivo,Tarjeta Debito,Tarjeta credito,Visa,mastercard '),(83,83,'Efectivo,Tarjeta Debito,Tarjeta credito,Visa,mastercard '),(84,84,'Efectivo,Tarjeta Debito,Tarjeta credito,Visa,mastercard '),(85,85,'Efectivo,Tarjeta Debito,Tarjeta credito,Tarjeta credito,Visa,mastercard ,Tarjeta credito'),(86,86,'Efectivo,Tarjeta Debito,Tarjeta credito,Visa,mastercard '),(87,88,'Efectivo,Tarjeta Debito,Tarjeta credito,Visa,mastercard '),(88,90,'Efectivo,Tarjeta Debito,Tarjeta credito,Visa,mastercard '),(89,91,'Efectivo,Tarjeta Debito,Tarjeta credito,Visa,mastercard '),(90,92,'Efectivo,Tarjeta Debito,Tarjeta credito,Visa,mastercard '),(91,93,'Efectivo,Tarjeta Debito,Tarjeta credito,Visa,mastercard '),(92,94,'Efectivo,Tarjeta Debito,Tarjeta credito,Visa,mastercard '),(93,95,'Efectivo'),(94,96,'Efectivo,Tarjeta Debito,Tarjeta credito,Visa,mastercard '),(95,98,'Efectivo,Tarjeta Debito,Tarjeta credito,Visa,mastercard '),(96,99,'Efectivo,Tarjeta Debito,Tarjeta credito,Visa,mastercard '),(97,100,'Efectivo,Tarjeta Debito,Tarjeta credito,Visa,mastercard '),(98,101,'Efectivo,Tarjeta Debito,Tarjeta credito,Visa,mastercard '),(99,102,'Efectivo,Tarjeta Debito,Tarjeta credito,Visa,mastercard '),(100,103,'Efectivo,Tarjeta Debito,Tarjeta credito,Visa,mastercard '),(101,104,'Efectivo,Tarjeta Debito,Tarjeta credito,Visa,mastercard '),(102,105,'Efectivo,Tarjeta Debito,Tarjeta credito,Visa,mastercard '),(103,106,'Efectivo,Tarjeta Debito,Tarjeta credito,Visa,mastercard '),(104,107,'Efectivo,Tarjeta Debito,Tarjeta credito,Visa,mastercard '),(105,108,'Efectivo,Tarjeta Debito,Tarjeta credito,Visa,mastercard '),(106,110,'Efectivo,Tarjeta Debito,Tarjeta credito,Visa,mastercard '),(107,111,'Tarjeta Debito,Efectivo,Tarjeta credito,Visa'),(108,112,'Efectivo,Tarjeta Debito,Visa,Tarjeta credito'),(109,113,'Efectivo,Tarjeta Debito,Tarjeta credito,Visa,mastercard '),(110,114,'Efectivo,Tarjeta Debito,Tarjeta credito,Visa'),(111,115,'Efectivo,Tarjeta Debito,Tarjeta credito,Visa,mastercard '),(112,116,'Efectivo,Tarjeta Debito,Visa,Tarjeta credito,mastercard '),(113,117,'Tarjeta credito,Tarjeta Debito'),(114,118,'Tarjeta Debito,Tarjeta credito'),(115,119,'Tarjeta Debito,Tarjeta credito'),(116,120,'Tarjeta Debito,Tarjeta credito,Visa');
/*!40000 ALTER TABLE `methodpay` ENABLE KEYS */;
UNLOCK TABLES;

--
-- Table structure for table `usuarios`
--

DROP TABLE IF EXISTS `usuarios`;
/*!40101 SET @saved_cs_client     = @@character_set_client */;
 SET character_set_client = utf8mb4 ;
CREATE TABLE `usuarios` (
  `id` int(11) NOT NULL AUTO_INCREMENT,
  `nombre` varchar(45) DEFAULT NULL,
  `apellido` varchar(45) NOT NULL,
  `email` varchar(50) NOT NULL,
  `password` varchar(45) NOT NULL,
  `rol` int(11) NOT NULL,
  PRIMARY KEY (`id`)
) ENGINE=InnoDB AUTO_INCREMENT=5 DEFAULT CHARSET=latin1;
/*!40101 SET character_set_client = @saved_cs_client */;

--
-- Dumping data for table `usuarios`
--

LOCK TABLES `usuarios` WRITE;
/*!40000 ALTER TABLE `usuarios` DISABLE KEYS */;
INSERT INTO `usuarios` VALUES (1,'Abdiel','Flores','abdielantonio@gmail.com','1997',1),(2,'Gilmar','Bastardo','gilmar@plugdo.com','gilmar1313',1),(3,'User','Caio','caiomena@live.com.ar','@admin1313',1),(4,'Mariale','Alejandra','marialegarcia86@gmail.com','@admin1313',1);
/*!40000 ALTER TABLE `usuarios` ENABLE KEYS */;
UNLOCK TABLES;

--
-- Dumping events for database 'guialook'
--

--
-- Dumping routines for database 'guialook'
--
/*!50003 DROP PROCEDURE IF EXISTS `spCloseSesion` */;
/*!50003 SET @saved_cs_client      = @@character_set_client */ ;
/*!50003 SET @saved_cs_results     = @@character_set_results */ ;
/*!50003 SET @saved_col_connection = @@collation_connection */ ;
/*!50003 SET character_set_client  = utf8 */ ;
/*!50003 SET character_set_results = utf8 */ ;
/*!50003 SET collation_connection  = utf8_general_ci */ ;
/*!50003 SET @saved_sql_mode       = @@sql_mode */ ;
/*!50003 SET sql_mode              = 'NO_AUTO_VALUE_ON_ZERO' */ ;
DELIMITER ;;
CREATE DEFINER=`root`@`localhost` PROCEDURE `spCloseSesion`(in _id int
(11))
BEGIN
    DELETE FROM  loginactive WHERE userId = _id;
END ;;
DELIMITER ;
/*!50003 SET sql_mode              = @saved_sql_mode */ ;
/*!50003 SET character_set_client  = @saved_cs_client */ ;
/*!50003 SET character_set_results = @saved_cs_results */ ;
/*!50003 SET collation_connection  = @saved_col_connection */ ;
/*!50003 DROP PROCEDURE IF EXISTS `spDeleteEstablishment` */;
/*!50003 SET @saved_cs_client      = @@character_set_client */ ;
/*!50003 SET @saved_cs_results     = @@character_set_results */ ;
/*!50003 SET @saved_col_connection = @@collation_connection */ ;
/*!50003 SET character_set_client  = utf8mb4 */ ;
/*!50003 SET character_set_results = utf8mb4 */ ;
/*!50003 SET collation_connection  = utf8mb4_general_ci */ ;
/*!50003 SET @saved_sql_mode       = @@sql_mode */ ;
/*!50003 SET sql_mode              = 'NO_ENGINE_SUBSTITUTION' */ ;
DELIMITER ;;
CREATE DEFINER=`root`@`localhost` PROCEDURE `spDeleteEstablishment`(in _id int(11))
BEGIN
DELETE FROM  establecimiento WHERE id= _id ;
DELETE FROM establecimientohorario 
WHERE
    perfilEstablecimientoID = _id;
DELETE FROM establecimientoservicio 
WHERE
    establecimientID = _id;
DELETE FROM imagenes 
WHERE
    establecimirntoID = _id;
DELETE FROM methodpay 
WHERE
    idestablecimiento = _id;

SELECT LAST_INSERT_ID() AS id;
END ;;
DELIMITER ;
/*!50003 SET sql_mode              = @saved_sql_mode */ ;
/*!50003 SET character_set_client  = @saved_cs_client */ ;
/*!50003 SET character_set_results = @saved_cs_results */ ;
/*!50003 SET collation_connection  = @saved_col_connection */ ;
/*!50003 DROP PROCEDURE IF EXISTS `spHorarioestablecimiento` */;
/*!50003 SET @saved_cs_client      = @@character_set_client */ ;
/*!50003 SET @saved_cs_results     = @@character_set_results */ ;
/*!50003 SET @saved_col_connection = @@collation_connection */ ;
/*!50003 SET character_set_client  = utf8 */ ;
/*!50003 SET character_set_results = utf8 */ ;
/*!50003 SET collation_connection  = utf8_general_ci */ ;
/*!50003 SET @saved_sql_mode       = @@sql_mode */ ;
/*!50003 SET sql_mode              = 'NO_AUTO_VALUE_ON_ZERO' */ ;
DELIMITER ;;
CREATE DEFINER=`root`@`localhost` PROCEDURE `spHorarioestablecimiento`(in id int)
BEGIN
select *
    from establecimientohorario
    WHERE perfilEstablecimientoID = id;
END ;;
DELIMITER ;
/*!50003 SET sql_mode              = @saved_sql_mode */ ;
/*!50003 SET character_set_client  = @saved_cs_client */ ;
/*!50003 SET character_set_results = @saved_cs_results */ ;
/*!50003 SET collation_connection  = @saved_col_connection */ ;
/*!50003 DROP PROCEDURE IF EXISTS `spInsertEstablecimiento` */;
/*!50003 SET @saved_cs_client      = @@character_set_client */ ;
/*!50003 SET @saved_cs_results     = @@character_set_results */ ;
/*!50003 SET @saved_col_connection = @@collation_connection */ ;
/*!50003 SET character_set_client  = utf8mb4 */ ;
/*!50003 SET character_set_results = utf8mb4 */ ;
/*!50003 SET collation_connection  = utf8mb4_general_ci */ ;
/*!50003 SET @saved_sql_mode       = @@sql_mode */ ;
/*!50003 SET sql_mode              = 'NO_ENGINE_SUBSTITUTION' */ ;
DELIMITER ;;
CREATE DEFINER=`root`@`localhost` PROCEDURE `spInsertEstablecimiento`(in direction VARCHAR(200),
 in image VARCHAR(200), nombre VARCHAR (50),in price int(11), in tel varchar(40), in _mapa varchar(400) )
BEGIN
INSERT 
	INTO 
	establecimiento

		(Nombre_establecimiento,Direccion,Precio,Telefono,mapa,Promociones,imagenPrincipal) 
	VALUES 
(nombre,direction,price,tel,_mapa,1,image);

SELECT LAST_INSERT_ID() AS id;

END ;;
DELIMITER ;
/*!50003 SET sql_mode              = @saved_sql_mode */ ;
/*!50003 SET character_set_client  = @saved_cs_client */ ;
/*!50003 SET character_set_results = @saved_cs_results */ ;
/*!50003 SET collation_connection  = @saved_col_connection */ ;
/*!50003 DROP PROCEDURE IF EXISTS `spInsertHour` */;
/*!50003 SET @saved_cs_client      = @@character_set_client */ ;
/*!50003 SET @saved_cs_results     = @@character_set_results */ ;
/*!50003 SET @saved_col_connection = @@collation_connection */ ;
/*!50003 SET character_set_client  = utf8mb4 */ ;
/*!50003 SET character_set_results = utf8mb4 */ ;
/*!50003 SET collation_connection  = utf8mb4_general_ci */ ;
/*!50003 SET @saved_sql_mode       = @@sql_mode */ ;
/*!50003 SET sql_mode              = 'STRICT_TRANS_TABLES,NO_AUTO_CREATE_USER,NO_ENGINE_SUBSTITUTION' */ ;
DELIMITER ;;
CREATE DEFINER=`root`@`localhost` PROCEDURE `spInsertHour`(
in _Lapertura VARCHAR
(20),
in  _Lcierre VARCHAR
(20),

in _Mapertura VARCHAR
(20),
in  _Mcierre VARCHAR
(20),

in _Miapertura VARCHAR
(20),
in  _Micierre VARCHAR
(20),

in _Japertura VARCHAR
(20),
in  _Jcierre VARCHAR
(20),

in _Vapertura VARCHAR
(20),
in  _Vcierre VARCHAR
(20),

in _Sapertura VARCHAR
(20),
in  _Scierre VARCHAR
(20),

in _Dapertura VARCHAR
(20),
in  _Dcierre VARCHAR
(20),

in _id int
(11)

)
BEGIN

	IF NOT EXISTS (SELECT *
	FROM establecimientohorario
	WHERE perfilEstablecimientoID = _id ) THEN

	INSERT 
		INTO establecimientohorario

		(perfilEstablecimientoID,dia,horaInicio,horaFinal)
	VALUES
		(_id, "Lunes", _Lapertura, _Lcierre);



	INSERT 
	INTO establecimientohorario

		(perfilEstablecimientoID,dia,horaInicio,horaFinal)
	VALUES
		(_id, "Martes", _Mapertura, _Mcierre);



	INSERT 
	INTO establecimientohorario

		(perfilEstablecimientoID,dia,horaInicio,horaFinal)
	VALUES
		(_id, "Miércoles", _Miapertura, _Micierre);




	INSERT 
	INTO establecimientohorario

		(perfilEstablecimientoID,dia,horaInicio,horaFinal)
	VALUES
		(_id, "Jueves", _Japertura, _Jcierre);



	INSERT 
	INTO establecimientohorario

		(perfilEstablecimientoID,dia,horaInicio,horaFinal)
	VALUES
		(_id, "Viernes", _Vapertura, _Vcierre);



	INSERT 
	INTO establecimientohorario
		(perfilEstablecimientoID,dia,horaInicio,horaFinal)
	VALUES
		(_id, "Sábado", _Sapertura, _Scierre);


	INSERT 
	INTO establecimientohorario

		(perfilEstablecimientoID,dia,horaInicio,horaFinal)
	VALUES
		(_id, "Domingo", _Dapertura, _Dcierre);


	SELECT LAST_INSERT_ID() AS id
	;

	ELSE


	UPDATE  
	 
		 establecimientohorario

	SET horaInicio = _Lapertura ,horaFinal = _Lcierre WHERE perfilEstablecimientoID = _id AND dia ="Lunes"
	;


	UPDATE  
	 
		establecimientohorario

	SET 	horaInicio = _Mapertura ,horaFinal = _Mcierre WHERE perfilEstablecimientoID = _id AND dia ="Martes";


	UPDATE  
	 
		establecimientohorario

	SET 	horaInicio = _Miapertura ,horaFinal = _Micierre WHERE perfilEstablecimientoID = _id AND dia ="Miércoles";



	UPDATE  
	 
		establecimientohorario

	SET horaInicio = _Japertura ,horaFinal = _Jcierre WHERE perfilEstablecimientoID = _id AND dia ="Jueves"
	;




	UPDATE  
	 
		establecimientohorario

	SET 	horaInicio = _Vapertura ,horaFinal = _Vcierre WHERE perfilEstablecimientoID = _id AND dia ="Viernes"
	;



	UPDATE  
	 
		establecimientohorario

	SET 	horaInicio = _Sapertura ,horaFinal = _Scierre WHERE perfilEstablecimientoID = _id AND dia ="Sábado"
	;


	UPDATE  
	 
		establecimientohorario

	SET horaInicio = _Dapertura ,horaFinal = _Dcierre   WHERE perfilEstablecimientoID = _id AND dia ="Domingo"
	;
	SELECT LAST_INSERT_ID() AS id
;

END
IF;


END ;;
DELIMITER ;
/*!50003 SET sql_mode              = @saved_sql_mode */ ;
/*!50003 SET character_set_client  = @saved_cs_client */ ;
/*!50003 SET character_set_results = @saved_cs_results */ ;
/*!50003 SET collation_connection  = @saved_col_connection */ ;
/*!50003 DROP PROCEDURE IF EXISTS `spInsertImages` */;
/*!50003 SET @saved_cs_client      = @@character_set_client */ ;
/*!50003 SET @saved_cs_results     = @@character_set_results */ ;
/*!50003 SET @saved_col_connection = @@collation_connection */ ;
/*!50003 SET character_set_client  = utf8 */ ;
/*!50003 SET character_set_results = utf8 */ ;
/*!50003 SET collation_connection  = utf8_general_ci */ ;
/*!50003 SET @saved_sql_mode       = @@sql_mode */ ;
/*!50003 SET sql_mode              = 'NO_AUTO_VALUE_ON_ZERO' */ ;
DELIMITER ;;
CREATE DEFINER=`root`@`localhost` PROCEDURE `spInsertImages`(in _imagesOne VARCHAR
(100), in _imagesTwo VARCHAR
(100), in _id int
(11) )
BEGIN

    IF NOT EXISTS ( SELECT *
    FROM imagenes
    WHERE establecimirntoID =_id ) THEN

    INSERT 
	INTO 
		imagenes

        (establecimirntoID,imagenesEstablecimiento)
    VALUES
        (_id , _imagesOne);

    INSERT 
	INTO 
		imagenes

        (establecimirntoID,imagenesEstablecimiento)
    VALUES
        (_id , _imagesTwo);

    SELECT LAST_INSERT_ID() AS establecimirntoID;

    ELSE
    SELECT 0 AS establecimirntoID;
END
IF ;
END ;;
DELIMITER ;
/*!50003 SET sql_mode              = @saved_sql_mode */ ;
/*!50003 SET character_set_client  = @saved_cs_client */ ;
/*!50003 SET character_set_results = @saved_cs_results */ ;
/*!50003 SET collation_connection  = @saved_col_connection */ ;
/*!50003 DROP PROCEDURE IF EXISTS `spInsertMethodPay` */;
/*!50003 SET @saved_cs_client      = @@character_set_client */ ;
/*!50003 SET @saved_cs_results     = @@character_set_results */ ;
/*!50003 SET @saved_col_connection = @@collation_connection */ ;
/*!50003 SET character_set_client  = utf8mb4 */ ;
/*!50003 SET character_set_results = utf8mb4 */ ;
/*!50003 SET collation_connection  = utf8mb4_general_ci */ ;
/*!50003 SET @saved_sql_mode       = @@sql_mode */ ;
/*!50003 SET sql_mode              = 'NO_ENGINE_SUBSTITUTION' */ ;
DELIMITER ;;
CREATE DEFINER=`root`@`localhost` PROCEDURE `spInsertMethodPay`(
in _methodPay VARCHAR(100),
in _idPay int(11))
BEGIN

    IF NOT EXISTS ( SELECT *
    FROM methodpay
    WHERE idestablecimiento = _idPay) THEN
    INSERT 
	INTO      
    methodpay

        (idestablecimiento,methodpay)
    VALUES
        (_idPay, _methodPay);


    SELECT LAST_INSERT_ID() AS _idPay;

    ELSE
    SELECT 0 AS _idPay;
END
IF ;
END ;;
DELIMITER ;
/*!50003 SET sql_mode              = @saved_sql_mode */ ;
/*!50003 SET character_set_client  = @saved_cs_client */ ;
/*!50003 SET character_set_results = @saved_cs_results */ ;
/*!50003 SET collation_connection  = @saved_col_connection */ ;
/*!50003 DROP PROCEDURE IF EXISTS `spInsertNewservice` */;
/*!50003 SET @saved_cs_client      = @@character_set_client */ ;
/*!50003 SET @saved_cs_results     = @@character_set_results */ ;
/*!50003 SET @saved_col_connection = @@collation_connection */ ;
/*!50003 SET character_set_client  = utf8 */ ;
/*!50003 SET character_set_results = utf8 */ ;
/*!50003 SET collation_connection  = utf8_general_ci */ ;
/*!50003 SET @saved_sql_mode       = @@sql_mode */ ;
/*!50003 SET sql_mode              = 'NO_AUTO_VALUE_ON_ZERO' */ ;
DELIMITER ;;
CREATE DEFINER=`root`@`localhost` PROCEDURE `spInsertNewservice`(in _subService VARCHAR
(200),in _servicePrincipal VARCHAR
(50), in _idService int
(11))
BEGIN

    IF NOT EXISTS ( SELECT *
    FROM establecimientoservicio
    WHERE establecimientID = _idService) THEN

    INSERT 
	INTO 
	establecimientoservicio

        (establecimientID,servicios,servicioPrincipal)
    VALUES
        (_idService, _subService, _servicePrincipal);


    SELECT LAST_INSERT_ID() AS _idService;

    ELSE
    SELECT 0 AS _idService;
END
IF ;
END ;;
DELIMITER ;
/*!50003 SET sql_mode              = @saved_sql_mode */ ;
/*!50003 SET character_set_client  = @saved_cs_client */ ;
/*!50003 SET character_set_results = @saved_cs_results */ ;
/*!50003 SET collation_connection  = @saved_col_connection */ ;
/*!50003 DROP PROCEDURE IF EXISTS `spOpenNow` */;
/*!50003 SET @saved_cs_client      = @@character_set_client */ ;
/*!50003 SET @saved_cs_results     = @@character_set_results */ ;
/*!50003 SET @saved_col_connection = @@collation_connection */ ;
/*!50003 SET character_set_client  = utf8 */ ;
/*!50003 SET character_set_results = utf8 */ ;
/*!50003 SET collation_connection  = utf8_general_ci */ ;
/*!50003 SET @saved_sql_mode       = @@sql_mode */ ;
/*!50003 SET sql_mode              = 'NO_AUTO_VALUE_ON_ZERO' */ ;
DELIMITER ;;
CREATE DEFINER=`root`@`localhost` PROCEDURE `spOpenNow`( in days varchar
(45) ,in  hours TIME )
BEGIN

 
SELECT DISTINCT 
    *
FROM
    guialook.establecimiento
     INNER JOIN
    guialook.establecimientoservicio ON establecimiento.id = establecimientoservicio.establecimientID 
    
        INNER JOIN
    guialook.establecimientohorario ON establecimiento.id = establecimientohorario.perfilestablecimientoID 
    
    WHERE 
    dia = days
    
    AND   
    hours <=  horaFinal  AND prod = 1;

END ;;
DELIMITER ;
/*!50003 SET sql_mode              = @saved_sql_mode */ ;
/*!50003 SET character_set_client  = @saved_cs_client */ ;
/*!50003 SET character_set_results = @saved_cs_results */ ;
/*!50003 SET collation_connection  = @saved_col_connection */ ;
/*!50003 DROP PROCEDURE IF EXISTS `spRecomedate` */;
/*!50003 SET @saved_cs_client      = @@character_set_client */ ;
/*!50003 SET @saved_cs_results     = @@character_set_results */ ;
/*!50003 SET @saved_col_connection = @@collation_connection */ ;
/*!50003 SET character_set_client  = utf8 */ ;
/*!50003 SET character_set_results = utf8 */ ;
/*!50003 SET collation_connection  = utf8_general_ci */ ;
/*!50003 SET @saved_sql_mode       = @@sql_mode */ ;
/*!50003 SET sql_mode              = 'NO_AUTO_VALUE_ON_ZERO' */ ;
DELIMITER ;;
CREATE DEFINER=`root`@`localhost` PROCEDURE `spRecomedate`()
BEGIN
    SELECT
        *
    FROM
        establecimiento
        INNER JOIN
        establecimientoservicio ON establecimiento.id = establecimientoservicio.establecimientID
    WHERE Promociones = 0;
END ;;
DELIMITER ;
/*!50003 SET sql_mode              = @saved_sql_mode */ ;
/*!50003 SET character_set_client  = @saved_cs_client */ ;
/*!50003 SET character_set_results = @saved_cs_results */ ;
/*!50003 SET collation_connection  = @saved_col_connection */ ;
/*!50003 DROP PROCEDURE IF EXISTS `spSearchAdvanced` */;
/*!50003 SET @saved_cs_client      = @@character_set_client */ ;
/*!50003 SET @saved_cs_results     = @@character_set_results */ ;
/*!50003 SET @saved_col_connection = @@collation_connection */ ;
/*!50003 SET character_set_client  = utf8 */ ;
/*!50003 SET character_set_results = utf8 */ ;
/*!50003 SET collation_connection  = utf8_general_ci */ ;
/*!50003 SET @saved_sql_mode       = @@sql_mode */ ;
/*!50003 SET sql_mode              = 'NO_ENGINE_SUBSTITUTION' */ ;
DELIMITER ;;
CREATE DEFINER=`root`@`localhost` PROCEDURE `spSearchAdvanced`(in _search VARCHAR(100))
BEGIN
SELECT 
    *
FROM
  establecimiento
        INNER JOIN
    establecimientoservicio ON establecimiento.id = establecimientoservicio.establecimientID
WHERE
		servicios LIKE _search
        OR  Direccion LIKE _search
        OR servicioPrincipal LIKE _search
        OR Nombre_establecimiento LIKE _search
          OR imagenPrincipal LIKE _search; 
END ;;
DELIMITER ;
/*!50003 SET sql_mode              = @saved_sql_mode */ ;
/*!50003 SET character_set_client  = @saved_cs_client */ ;
/*!50003 SET character_set_results = @saved_cs_results */ ;
/*!50003 SET collation_connection  = @saved_col_connection */ ;
/*!50003 DROP PROCEDURE IF EXISTS `spSelecServices` */;
/*!50003 SET @saved_cs_client      = @@character_set_client */ ;
/*!50003 SET @saved_cs_results     = @@character_set_results */ ;
/*!50003 SET @saved_col_connection = @@collation_connection */ ;
/*!50003 SET character_set_client  = utf8 */ ;
/*!50003 SET character_set_results = utf8 */ ;
/*!50003 SET collation_connection  = utf8_general_ci */ ;
/*!50003 SET @saved_sql_mode       = @@sql_mode */ ;
/*!50003 SET sql_mode              = 'NO_AUTO_VALUE_ON_ZERO' */ ;
DELIMITER ;;
CREATE DEFINER=`root`@`localhost` PROCEDURE `spSelecServices`()
BEGIN
  SELECT 
    *
FROM
    guialook.establecimiento
        INNER JOIN
    guialook.establecimientoservicio ON establecimiento.id = establecimientoservicio.establecimientID WHERE prod =1 ;
END ;;
DELIMITER ;
/*!50003 SET sql_mode              = @saved_sql_mode */ ;
/*!50003 SET character_set_client  = @saved_cs_client */ ;
/*!50003 SET character_set_results = @saved_cs_results */ ;
/*!50003 SET collation_connection  = @saved_col_connection */ ;
/*!50003 DROP PROCEDURE IF EXISTS `spSelecServicesUpdate` */;
/*!50003 SET @saved_cs_client      = @@character_set_client */ ;
/*!50003 SET @saved_cs_results     = @@character_set_results */ ;
/*!50003 SET @saved_col_connection = @@collation_connection */ ;
/*!50003 SET character_set_client  = utf8 */ ;
/*!50003 SET character_set_results = utf8 */ ;
/*!50003 SET collation_connection  = utf8_general_ci */ ;
/*!50003 SET @saved_sql_mode       = @@sql_mode */ ;
/*!50003 SET sql_mode              = 'NO_ENGINE_SUBSTITUTION' */ ;
DELIMITER ;;
CREATE DEFINER=`root`@`localhost` PROCEDURE `spSelecServicesUpdate`()
BEGIN
SELECT 
    *
FROM
    guialook.establecimiento
        INNER JOIN
         guialook.methodpay ON establecimiento.id = methodpay.idestablecimiento
           INNER JOIN
    guialook.establecimientoservicio ON establecimiento.id = establecimientoservicio.establecimientID ;
END ;;
DELIMITER ;
/*!50003 SET sql_mode              = @saved_sql_mode */ ;
/*!50003 SET character_set_client  = @saved_cs_client */ ;
/*!50003 SET character_set_results = @saved_cs_results */ ;
/*!50003 SET collation_connection  = @saved_col_connection */ ;
/*!50003 DROP PROCEDURE IF EXISTS `spSelectEstablecimiento` */;
/*!50003 SET @saved_cs_client      = @@character_set_client */ ;
/*!50003 SET @saved_cs_results     = @@character_set_results */ ;
/*!50003 SET @saved_col_connection = @@collation_connection */ ;
/*!50003 SET character_set_client  = utf8 */ ;
/*!50003 SET character_set_results = utf8 */ ;
/*!50003 SET collation_connection  = utf8_general_ci */ ;
/*!50003 SET @saved_sql_mode       = @@sql_mode */ ;
/*!50003 SET sql_mode              = 'NO_AUTO_VALUE_ON_ZERO' */ ;
DELIMITER ;;
CREATE DEFINER=`root`@`localhost` PROCEDURE `spSelectEstablecimiento`(in _Id int
(11))
BEGIN
    SELECT 
*
FROM
   establecimiento
        INNER JOIN
   establecimientoservicio ON establecimiento.id = establecimientoservicio.establecimientID
      INNER JOIN
   methodpay ON establecimiento.id = methodpay.idestablecimiento
        INNER JOIN
   imagenes ON establecimiento.id = imagenes.establecimirntoID WHERE  establecimiento.id = _Id  AND prod =1  ;

END ;;
DELIMITER ;
/*!50003 SET sql_mode              = @saved_sql_mode */ ;
/*!50003 SET character_set_client  = @saved_cs_client */ ;
/*!50003 SET character_set_results = @saved_cs_results */ ;
/*!50003 SET collation_connection  = @saved_col_connection */ ;
/*!50003 DROP PROCEDURE IF EXISTS `spSelectMprice` */;
/*!50003 SET @saved_cs_client      = @@character_set_client */ ;
/*!50003 SET @saved_cs_results     = @@character_set_results */ ;
/*!50003 SET @saved_col_connection = @@collation_connection */ ;
/*!50003 SET character_set_client  = utf8 */ ;
/*!50003 SET character_set_results = utf8 */ ;
/*!50003 SET collation_connection  = utf8_general_ci */ ;
/*!50003 SET @saved_sql_mode       = @@sql_mode */ ;
/*!50003 SET sql_mode              = 'NO_AUTO_VALUE_ON_ZERO' */ ;
DELIMITER ;;
CREATE DEFINER=`root`@`localhost` PROCEDURE `spSelectMprice`()
BEGIN
    SELECT *
    FROM establecimiento
    ORDER BY Precio ASC;
END ;;
DELIMITER ;
/*!50003 SET sql_mode              = @saved_sql_mode */ ;
/*!50003 SET character_set_client  = @saved_cs_client */ ;
/*!50003 SET character_set_results = @saved_cs_results */ ;
/*!50003 SET collation_connection  = @saved_col_connection */ ;
/*!50003 DROP PROCEDURE IF EXISTS `spSelectPrecio` */;
/*!50003 SET @saved_cs_client      = @@character_set_client */ ;
/*!50003 SET @saved_cs_results     = @@character_set_results */ ;
/*!50003 SET @saved_col_connection = @@collation_connection */ ;
/*!50003 SET character_set_client  = utf8 */ ;
/*!50003 SET character_set_results = utf8 */ ;
/*!50003 SET collation_connection  = utf8_general_ci */ ;
/*!50003 SET @saved_sql_mode       = @@sql_mode */ ;
/*!50003 SET sql_mode              = 'NO_AUTO_VALUE_ON_ZERO' */ ;
DELIMITER ;;
CREATE DEFINER=`root`@`localhost` PROCEDURE `spSelectPrecio`(in _precio int, _serv VARCHAR
(50))
BEGIN

    IF ( _serv != " " )THEN

    SELECT
        *
    FROM
        establecimientoservicio
        INNER JOIN
        establecimiento ON establecimiento.id = establecimientoservicio.establecimientID
    WHERE Precio <= _precio AND servicioPrincipal = _serv AND prod =1 

    ;
    ELSE
    SELECT
        *
    FROM
        establecimientoservicio
        INNER JOIN
        establecimiento ON establecimiento.id = establecimientoservicio.establecimientID
    WHERE Precio <= _precio AND prod =1 

;

END
IF ;
    
END ;;
DELIMITER ;
/*!50003 SET sql_mode              = @saved_sql_mode */ ;
/*!50003 SET character_set_client  = @saved_cs_client */ ;
/*!50003 SET character_set_results = @saved_cs_results */ ;
/*!50003 SET collation_connection  = @saved_col_connection */ ;
/*!50003 DROP PROCEDURE IF EXISTS `spSelectPromotion` */;
/*!50003 SET @saved_cs_client      = @@character_set_client */ ;
/*!50003 SET @saved_cs_results     = @@character_set_results */ ;
/*!50003 SET @saved_col_connection = @@collation_connection */ ;
/*!50003 SET character_set_client  = utf8 */ ;
/*!50003 SET character_set_results = utf8 */ ;
/*!50003 SET collation_connection  = utf8_general_ci */ ;
/*!50003 SET @saved_sql_mode       = @@sql_mode */ ;
/*!50003 SET sql_mode              = 'NO_AUTO_VALUE_ON_ZERO' */ ;
DELIMITER ;;
CREATE DEFINER=`root`@`localhost` PROCEDURE `spSelectPromotion`()
BEGIN

    SELECT
        *
    FROM
        establecimientoservicio
        INNER JOIN
        establecimiento ON establecimiento.id = establecimientoservicio.establecimientID
    where Promociones = 1
;

END ;;
DELIMITER ;
/*!50003 SET sql_mode              = @saved_sql_mode */ ;
/*!50003 SET character_set_client  = @saved_cs_client */ ;
/*!50003 SET character_set_results = @saved_cs_results */ ;
/*!50003 SET collation_connection  = @saved_col_connection */ ;
/*!50003 DROP PROCEDURE IF EXISTS `spSelectServicio` */;
/*!50003 SET @saved_cs_client      = @@character_set_client */ ;
/*!50003 SET @saved_cs_results     = @@character_set_results */ ;
/*!50003 SET @saved_col_connection = @@collation_connection */ ;
/*!50003 SET character_set_client  = utf8 */ ;
/*!50003 SET character_set_results = utf8 */ ;
/*!50003 SET collation_connection  = utf8_general_ci */ ;
/*!50003 SET @saved_sql_mode       = @@sql_mode */ ;
/*!50003 SET sql_mode              = 'NO_AUTO_VALUE_ON_ZERO' */ ;
DELIMITER ;;
CREATE DEFINER=`root`@`localhost` PROCEDURE `spSelectServicio`(in Serv VARCHAR
(50), in _subServ VARCHAR
(100),in _ubication VARCHAR
(100) )
BEGIN
    IF ( _subServ != " " ) THEN

    SELECT
        *
    FROM
        establecimientoservicio
        INNER JOIN
        establecimiento ON establecimiento.id = establecimientoservicio.establecimientID
    WHERE    servicioPrincipal = Serv AND FIND_IN_SET(_subServ, servicios) AND prod =1  
    ;

    ELSE

    IF (_ubication != "" ) THEN
    SELECT
        *
    FROM
        establecimientoservicio
        INNER JOIN
        establecimiento ON establecimiento.id = establecimientoservicio.establecimientID
    WHERE   FIND_IN_SET(_ubication, Direccion) AND prod =1  
    ;

    ELSE

    SELECT
        *
    FROM
        establecimientoservicio
        INNER JOIN
        establecimiento ON establecimiento.id = establecimientoservicio.establecimientID
    WHERE  servicioPrincipal = Serv AND prod =1  
;

END
IF ; 
END
IF ; 

END ;;
DELIMITER ;
/*!50003 SET sql_mode              = @saved_sql_mode */ ;
/*!50003 SET character_set_client  = @saved_cs_client */ ;
/*!50003 SET character_set_results = @saved_cs_results */ ;
/*!50003 SET collation_connection  = @saved_col_connection */ ;
/*!50003 DROP PROCEDURE IF EXISTS `spselectZonas` */;
/*!50003 SET @saved_cs_client      = @@character_set_client */ ;
/*!50003 SET @saved_cs_results     = @@character_set_results */ ;
/*!50003 SET @saved_col_connection = @@collation_connection */ ;
/*!50003 SET character_set_client  = utf8 */ ;
/*!50003 SET character_set_results = utf8 */ ;
/*!50003 SET collation_connection  = utf8_general_ci */ ;
/*!50003 SET @saved_sql_mode       = @@sql_mode */ ;
/*!50003 SET sql_mode              = 'NO_AUTO_VALUE_ON_ZERO' */ ;
DELIMITER ;;
CREATE DEFINER=`root`@`localhost` PROCEDURE `spselectZonas`(in _zonas VARCHAR
(100))
BEGIN

    SELECT
        *
    FROM
        establecimientoservicio
        INNER JOIN
        establecimiento ON establecimiento.id = establecimientoservicio.establecimientID
    WHERE   FIND_IN_SET(_zonas, Direccion) AND prod =1  
;
END ;;
DELIMITER ;
/*!50003 SET sql_mode              = @saved_sql_mode */ ;
/*!50003 SET character_set_client  = @saved_cs_client */ ;
/*!50003 SET character_set_results = @saved_cs_results */ ;
/*!50003 SET collation_connection  = @saved_col_connection */ ;
/*!50003 DROP PROCEDURE IF EXISTS `spUpdateEstablishment` */;
/*!50003 SET @saved_cs_client      = @@character_set_client */ ;
/*!50003 SET @saved_cs_results     = @@character_set_results */ ;
/*!50003 SET @saved_col_connection = @@collation_connection */ ;
/*!50003 SET character_set_client  = utf8 */ ;
/*!50003 SET character_set_results = utf8 */ ;
/*!50003 SET collation_connection  = utf8_general_ci */ ;
/*!50003 SET @saved_sql_mode       = @@sql_mode */ ;
/*!50003 SET sql_mode              = 'NO_AUTO_VALUE_ON_ZERO' */ ;
DELIMITER ;;
CREATE DEFINER=`root`@`localhost` PROCEDURE `spUpdateEstablishment`(in _id int (11) ,in direction VARCHAR(200),
 in image VARCHAR(200), nombre VARCHAR (50),in price int(11), in tel varchar(40), in _mapa varchar(400) , in _promociones int(11))
BEGIN
UPDATE establecimiento SET Nombre_establecimiento = nombre , Direccion = direction , Precio = price , Telefono = tel , mapa = _mapa , Promociones = _promociones , imagenPrincipal = image
,prod=0   where id = _id;
SELECT LAST_INSERT_ID() AS id;
END ;;
DELIMITER ;
/*!50003 SET sql_mode              = @saved_sql_mode */ ;
/*!50003 SET character_set_client  = @saved_cs_client */ ;
/*!50003 SET character_set_results = @saved_cs_results */ ;
/*!50003 SET collation_connection  = @saved_col_connection */ ;
/*!50003 DROP PROCEDURE IF EXISTS `spUpdateHour` */;
/*!50003 SET @saved_cs_client      = @@character_set_client */ ;
/*!50003 SET @saved_cs_results     = @@character_set_results */ ;
/*!50003 SET @saved_col_connection = @@collation_connection */ ;
/*!50003 SET character_set_client  = utf8 */ ;
/*!50003 SET character_set_results = utf8 */ ;
/*!50003 SET collation_connection  = utf8_general_ci */ ;
/*!50003 SET @saved_sql_mode       = @@sql_mode */ ;
/*!50003 SET sql_mode              = 'NO_ENGINE_SUBSTITUTION' */ ;
DELIMITER ;;
CREATE DEFINER=`root`@`localhost` PROCEDURE `spUpdateHour`(
in _Lapertura VARCHAR(20),
in  _Lcierre  VARCHAR(20),

in _Mapertura  VARCHAR(20),
in  _Mcierre  VARCHAR(20),

in _Miapertura  VARCHAR(20),
in  _Micierre  VARCHAR(20),

in _Japertura  VARCHAR(20),
in  _Jcierre  VARCHAR(20),

in _Vapertura  VARCHAR(20),
in  _Vcierre  VARCHAR(20),

in _Sapertura  VARCHAR(20),
in  _Scierre  VARCHAR(20),

in _Dapertura  VARCHAR(20),
in  _Dcierre  VARCHAR(20),

in _id int(11)

)
BEGIN
	
 -- LUNES   
UPDATE establecimientohorario  
SET
 horaInicio= _Lapertura,
 horaFinal=_Lcierre
 WHERE 
 perfilEstablecimientoID = _id 
 AND dia = "Lunes";

-- MARTES
UPDATE establecimientohorario  
SET
 horaInicio= _Mapertura,
 horaFinal=_Mcierre
 WHERE 
 perfilEstablecimientoID = _id 
 AND dia = "Martes";
 
 -- MIERCOLES
UPDATE establecimientohorario  
SET
 horaInicio= _Mapertura,
 horaFinal=_Micierre
 WHERE 
 perfilEstablecimientoID = _id 
 AND dia = "Miercoles";
 
  -- JUEVES
UPDATE establecimientohorario  
SET
 horaInicio= _Japertura,
 horaFinal=_Jcierre
 WHERE 
 perfilEstablecimientoID = _id 
 AND dia = "Jueves";
 
   -- VIERNES
UPDATE establecimientohorario  
SET
 horaInicio= _Vapertura,
 horaFinal=_Vcierre
 WHERE 
 perfilEstablecimientoID = _id 
 AND dia = "Viernes";
 
 
    -- SABADO
UPDATE establecimientohorario  
SET
 horaInicio= _Sapertura,
 horaFinal=_Scierre
 WHERE 
 perfilEstablecimientoID = _id 
 AND dia = "Sabado";
 
 
 
     -- DOMINGO
UPDATE establecimientohorario  
SET
 horaInicio= _Dapertura,
 horaFinal=_Dcierre
 WHERE 
 perfilEstablecimientoID = _id 
 AND dia = "Domingo";
 
SELECT LAST_INSERT_ID() AS id;
END ;;
DELIMITER ;
/*!50003 SET sql_mode              = @saved_sql_mode */ ;
/*!50003 SET character_set_client  = @saved_cs_client */ ;
/*!50003 SET character_set_results = @saved_cs_results */ ;
/*!50003 SET collation_connection  = @saved_col_connection */ ;
/*!50003 DROP PROCEDURE IF EXISTS `spUpdateImages` */;
/*!50003 SET @saved_cs_client      = @@character_set_client */ ;
/*!50003 SET @saved_cs_results     = @@character_set_results */ ;
/*!50003 SET @saved_col_connection = @@collation_connection */ ;
/*!50003 SET character_set_client  = utf8mb4 */ ;
/*!50003 SET character_set_results = utf8mb4 */ ;
/*!50003 SET collation_connection  = utf8mb4_general_ci */ ;
/*!50003 SET @saved_sql_mode       = @@sql_mode */ ;
/*!50003 SET sql_mode              = 'NO_ENGINE_SUBSTITUTION' */ ;
DELIMITER ;;
CREATE DEFINER=`root`@`localhost` PROCEDURE `spUpdateImages`(in _id int(11))
BEGIN
SELECT 
    *
FROM
guialook.imagenes WHERE establecimirntoID = _id;
END ;;
DELIMITER ;
/*!50003 SET sql_mode              = @saved_sql_mode */ ;
/*!50003 SET character_set_client  = @saved_cs_client */ ;
/*!50003 SET character_set_results = @saved_cs_results */ ;
/*!50003 SET collation_connection  = @saved_col_connection */ ;
/*!50003 DROP PROCEDURE IF EXISTS `spUpdateMethodPay` */;
/*!50003 SET @saved_cs_client      = @@character_set_client */ ;
/*!50003 SET @saved_cs_results     = @@character_set_results */ ;
/*!50003 SET @saved_col_connection = @@collation_connection */ ;
/*!50003 SET character_set_client  = utf8 */ ;
/*!50003 SET character_set_results = utf8 */ ;
/*!50003 SET collation_connection  = utf8_general_ci */ ;
/*!50003 SET @saved_sql_mode       = @@sql_mode */ ;
/*!50003 SET sql_mode              = 'NO_AUTO_VALUE_ON_ZERO' */ ;
DELIMITER ;;
CREATE DEFINER=`root`@`localhost` PROCEDURE `spUpdateMethodPay`(in _methodPay varchar(100), in _id int(11))
BEGIN
UPDATE methodpay  SET methodpay = _methodPay WHERE  idestablecimiento = _id;

SELECT LAST_INSERT_ID() AS idestablecimiento;
END ;;
DELIMITER ;
/*!50003 SET sql_mode              = @saved_sql_mode */ ;
/*!50003 SET character_set_client  = @saved_cs_client */ ;
/*!50003 SET character_set_results = @saved_cs_results */ ;
/*!50003 SET collation_connection  = @saved_col_connection */ ;
/*!50003 DROP PROCEDURE IF EXISTS `spUpdateProduction` */;
/*!50003 SET @saved_cs_client      = @@character_set_client */ ;
/*!50003 SET @saved_cs_results     = @@character_set_results */ ;
/*!50003 SET @saved_col_connection = @@collation_connection */ ;
/*!50003 SET character_set_client  = utf8 */ ;
/*!50003 SET character_set_results = utf8 */ ;
/*!50003 SET collation_connection  = utf8_general_ci */ ;
/*!50003 SET @saved_sql_mode       = @@sql_mode */ ;
/*!50003 SET sql_mode              = 'NO_AUTO_VALUE_ON_ZERO' */ ;
DELIMITER ;;
CREATE DEFINER=`root`@`localhost` PROCEDURE `spUpdateProduction`(in _prod tinyint(4),in _id int(11))
BEGIN
UPDATE establecimiento  SET prod = _prod WHERE id = _id;
SELECT LAST_INSERT_ID() AS id;
END ;;
DELIMITER ;
/*!50003 SET sql_mode              = @saved_sql_mode */ ;
/*!50003 SET character_set_client  = @saved_cs_client */ ;
/*!50003 SET character_set_results = @saved_cs_results */ ;
/*!50003 SET collation_connection  = @saved_col_connection */ ;
/*!50003 DROP PROCEDURE IF EXISTS `spUpdateQuitProduction` */;
/*!50003 SET @saved_cs_client      = @@character_set_client */ ;
/*!50003 SET @saved_cs_results     = @@character_set_results */ ;
/*!50003 SET @saved_col_connection = @@collation_connection */ ;
/*!50003 SET character_set_client  = utf8 */ ;
/*!50003 SET character_set_results = utf8 */ ;
/*!50003 SET collation_connection  = utf8_general_ci */ ;
/*!50003 SET @saved_sql_mode       = @@sql_mode */ ;
/*!50003 SET sql_mode              = 'NO_AUTO_VALUE_ON_ZERO' */ ;
DELIMITER ;;
CREATE DEFINER=`root`@`localhost` PROCEDURE `spUpdateQuitProduction`(in _prod tinyint(4),in _id int(11))
BEGIN
UPDATE establecimiento  SET prod = _prod WHERE id = _id;
SELECT LAST_INSERT_ID() AS id;
END ;;
DELIMITER ;
/*!50003 SET sql_mode              = @saved_sql_mode */ ;
/*!50003 SET character_set_client  = @saved_cs_client */ ;
/*!50003 SET character_set_results = @saved_cs_results */ ;
/*!50003 SET collation_connection  = @saved_col_connection */ ;
/*!50003 DROP PROCEDURE IF EXISTS `spUpdateServices` */;
/*!50003 SET @saved_cs_client      = @@character_set_client */ ;
/*!50003 SET @saved_cs_results     = @@character_set_results */ ;
/*!50003 SET @saved_col_connection = @@collation_connection */ ;
/*!50003 SET character_set_client  = utf8 */ ;
/*!50003 SET character_set_results = utf8 */ ;
/*!50003 SET collation_connection  = utf8_general_ci */ ;
/*!50003 SET @saved_sql_mode       = @@sql_mode */ ;
/*!50003 SET sql_mode              = 'NO_ENGINE_SUBSTITUTION' */ ;
DELIMITER ;;
CREATE DEFINER=`root`@`localhost` PROCEDURE `spUpdateServices`( in _servicioPrincipal varchar(200), in _servicios varchar(50), in _id int(11))
BEGIN
UPDATE establecimientoservicio  SET servicios = _servicios,  servicioPrincipal = _servicioPrincipal  WHERE establecimientID = _id ;
SELECT LAST_INSERT_ID() AS establecimientID;
END ;;
DELIMITER ;
/*!50003 SET sql_mode              = @saved_sql_mode */ ;
/*!50003 SET character_set_client  = @saved_cs_client */ ;
/*!50003 SET character_set_results = @saved_cs_results */ ;
/*!50003 SET collation_connection  = @saved_col_connection */ ;
/*!50003 DROP PROCEDURE IF EXISTS `spUserExist` */;
/*!50003 SET @saved_cs_client      = @@character_set_client */ ;
/*!50003 SET @saved_cs_results     = @@character_set_results */ ;
/*!50003 SET @saved_col_connection = @@collation_connection */ ;
/*!50003 SET character_set_client  = utf8 */ ;
/*!50003 SET character_set_results = utf8 */ ;
/*!50003 SET collation_connection  = utf8_general_ci */ ;
/*!50003 SET @saved_sql_mode       = @@sql_mode */ ;
/*!50003 SET sql_mode              = 'NO_AUTO_VALUE_ON_ZERO' */ ;
DELIMITER ;;
CREATE DEFINER=`root`@`localhost` PROCEDURE `spUserExist`(in _id int
(11))
BEGIN

    IF  (SELECT 1
    FROM usuarios
    WHERE  id = _id AND rol = 1 ) THEN

    SET @_message =1;

    SELECT @_message AS message;

    ELSE

    SET @_message =0;

    SELECT @_message AS message;

END
IF ;

END ;;
DELIMITER ;
/*!50003 SET sql_mode              = @saved_sql_mode */ ;
/*!50003 SET character_set_client  = @saved_cs_client */ ;
/*!50003 SET character_set_results = @saved_cs_results */ ;
/*!50003 SET collation_connection  = @saved_col_connection */ ;
/*!50003 DROP PROCEDURE IF EXISTS `SP_selectDataUpdate` */;
/*!50003 SET @saved_cs_client      = @@character_set_client */ ;
/*!50003 SET @saved_cs_results     = @@character_set_results */ ;
/*!50003 SET @saved_col_connection = @@collation_connection */ ;
/*!50003 SET character_set_client  = utf8mb4 */ ;
/*!50003 SET character_set_results = utf8mb4 */ ;
/*!50003 SET collation_connection  = utf8mb4_general_ci */ ;
/*!50003 SET @saved_sql_mode       = @@sql_mode */ ;
/*!50003 SET sql_mode              = 'STRICT_TRANS_TABLES,NO_AUTO_CREATE_USER,NO_ENGINE_SUBSTITUTION' */ ;
DELIMITER ;;
CREATE DEFINER=`root`@`localhost` PROCEDURE `SP_selectDataUpdate`(in _Id int
(11))
BEGIN
	SELECT
		es.id,
		es.perfilEstablecimientoID,
		es.Nombre_establecimiento,
		es.email,
		es.Direccion,
		es.Precio,
		es.Telefono,
		es.mapa,
		es.Promociones,
		es.imagenPrincipal,
		es.prod,
		ser.establecimientID,
		ser.servicios,
		ser.servicioPrincipal,
        pay.idestablecimiento,
        pay.methodpay
        
	FROM
		establecimiento AS es
		INNER JOIN establecimientoservicio AS ser
			ON es.perfilEstablecimientoID = ser.establecimientID
            INNER JOIN methodpay AS pay
            	ON es.perfilEstablecimientoID =  pay.idestablecimiento
         WHERE  es.perfilEstablecimientoID = _Id;
END ;;
DELIMITER ;
/*!50003 SET sql_mode              = @saved_sql_mode */ ;
/*!50003 SET character_set_client  = @saved_cs_client */ ;
/*!50003 SET character_set_results = @saved_cs_results */ ;
/*!50003 SET collation_connection  = @saved_col_connection */ ;
/*!50003 DROP PROCEDURE IF EXISTS `UpdateImagesEstablishment` */;
/*!50003 SET @saved_cs_client      = @@character_set_client */ ;
/*!50003 SET @saved_cs_results     = @@character_set_results */ ;
/*!50003 SET @saved_col_connection = @@collation_connection */ ;
/*!50003 SET character_set_client  = utf8mb4 */ ;
/*!50003 SET character_set_results = utf8mb4 */ ;
/*!50003 SET collation_connection  = utf8mb4_general_ci */ ;
/*!50003 SET @saved_sql_mode       = @@sql_mode */ ;
/*!50003 SET sql_mode              = 'NO_ENGINE_SUBSTITUTION' */ ;
DELIMITER ;;
CREATE DEFINER=`root`@`localhost` PROCEDURE `UpdateImagesEstablishment`(in _imagesOne varchar(100),in _imagesTwo varchar(100),in _idOne int(11),in _idTwo int(11))
BEGIN
UPDATE imagenes  SET imagenesEstablecimiento = _imagesOne WHERE id = _idOne;
UPDATE imagenes  SET imagenesEstablecimiento = _imagesTwo WHERE id = _idTwo;
SELECT LAST_INSERT_ID() AS id;
END ;;
DELIMITER ;
/*!50003 SET sql_mode              = @saved_sql_mode */ ;
/*!50003 SET character_set_client  = @saved_cs_client */ ;
/*!50003 SET character_set_results = @saved_cs_results */ ;
/*!50003 SET collation_connection  = @saved_col_connection */ ;
/*!50003 DROP PROCEDURE IF EXISTS `validateUser` */;
/*!50003 SET @saved_cs_client      = @@character_set_client */ ;
/*!50003 SET @saved_cs_results     = @@character_set_results */ ;
/*!50003 SET @saved_col_connection = @@collation_connection */ ;
/*!50003 SET character_set_client  = utf8 */ ;
/*!50003 SET character_set_results = utf8 */ ;
/*!50003 SET collation_connection  = utf8_general_ci */ ;
/*!50003 SET @saved_sql_mode       = @@sql_mode */ ;
/*!50003 SET sql_mode              = 'NO_AUTO_VALUE_ON_ZERO' */ ;
DELIMITER ;;
CREATE DEFINER=`root`@`localhost` PROCEDURE `validateUser`(
in _email VARCHAR
(40) ,
in  _password VARCHAR
(10),
in _token VARCHAR
(50),
in _ip VARCHAR
(20))
BEGIN
    DECLARE _userId int
    (10);
SET @_message='User not exists';

IF (SELECT 1
FROM usuarios
WHERE email = _email AND password = _password ) THEN

SET _userId
=
(SELECT id
FROM usuarios
WHERE email = _email AND password = _password);

IF EXISTS (SELECT 1
FROM loginactive
where userId = _userId) THEN

DELETE FROM loginactive where userId = _userId;

INSERT INTO loginactive
    (userId, ip,token)
VALUES
    (_userId , _ip , _token);

ELSE

INSERT INTO loginactive
    (userId, ip,token)
VALUES
    (_userId , _ip , _token);
END
IF;
     
     SET @_message = 'Successfull';

SELECT id , nombre, apellido, email, @_message as message
FROM usuarios
WHERE email = _email AND password =_password
;

ELSE

SELECT NULL as id, NULL as nombre, NULL AS apellido, NULL AS email, @_message as message;

END
IF;

END ;;
DELIMITER ;
/*!50003 SET sql_mode              = @saved_sql_mode */ ;
/*!50003 SET character_set_client  = @saved_cs_client */ ;
/*!50003 SET character_set_results = @saved_cs_results */ ;
/*!50003 SET collation_connection  = @saved_col_connection */ ;
/*!40103 SET TIME_ZONE=@OLD_TIME_ZONE */;

/*!40101 SET SQL_MODE=@OLD_SQL_MODE */;
/*!40014 SET FOREIGN_KEY_CHECKS=@OLD_FOREIGN_KEY_CHECKS */;
/*!40014 SET UNIQUE_CHECKS=@OLD_UNIQUE_CHECKS */;
/*!40101 SET CHARACTER_SET_CLIENT=@OLD_CHARACTER_SET_CLIENT */;
/*!40101 SET CHARACTER_SET_RESULTS=@OLD_CHARACTER_SET_RESULTS */;
/*!40101 SET COLLATION_CONNECTION=@OLD_COLLATION_CONNECTION */;
/*!40111 SET SQL_NOTES=@OLD_SQL_NOTES */;

-- Dump completed on 2019-11-08  9:07:52
